treatment,seed,retained_depth,mask_group,n_masks,ce,accuracy,excess_ce,accuracy_change
dense6,2701,1,prefix,1,1.3236876726150513,0.6583333611488342,1.239659145474434,-0.32499998807907104
dense6,2701,1,all_masks,6,1.2610939542452495,0.6393518547217051,1.1770654271046321,-0.34398149450620014
dense6,2701,1,keeps_first,1,1.3236876726150513,0.6583333611488342,1.239659145474434,-0.32499998807907104
dense6,2701,1,drops_first,5,1.248575210571289,0.6355555534362793,1.1645466834306717,-0.347777795791626
dense6,2701,2,prefix,1,0.7026129364967346,0.9055555462837219,0.6185844093561172,-0.07777780294418335
dense6,2701,2,all_masks,15,0.7283743977546692,0.8190740744272867,0.6443458706140518,-0.1642592748006185
dense6,2701,2,keeps_first,5,0.6780970692634583,0.8777777671813964,0.5940685421228409,-0.10555558204650879
dense6,2701,2,drops_first,10,0.7535130620002747,0.789722228050232,0.6694845348596573,-0.19361112117767335
dense6,2701,3,prefix,1,0.33479002118110657,0.9583333134651184,0.2507614940404892,-0.025000035762786865
dense6,2701,3,all_masks,20,0.4065240502357483,0.8948611170053482,0.3224955230951309,-0.08847223222255707
dense6,2701,3,keeps_first,10,0.33551924824714663,0.9288888931274414,0.25149072110652926,-0.05444445610046387
dense6,2701,3,drops_first,10,0.47752885222435,0.860833340883255,0.3935003250837326,-0.12250000834465027
dense6,2701,3,alternating,2,0.37545959651470184,0.9055555760860443,0.2914310693740845,-0.07777777314186096
dense6,2701,4,prefix,1,0.1569395661354065,0.980555534362793,0.07291103899478912,-0.0027778148651123047
dense6,2701,4,all_masks,15,0.23136135637760163,0.9435185194015503,0.14733282923698426,-0.03981482982635498
dense6,2701,4,keeps_first,10,0.1779806599020958,0.9608333289623261,0.09395213276147843,-0.022500020265579224
dense6,2701,4,drops_first,5,0.3381227493286133,0.9088889002799988,0.25409422218799593,-0.0744444489479065
dense6,2701,5,prefix,1,0.09505252540111542,0.9833333492279053,0.011023998260498047,0.0
dense6,2701,5,all_masks,6,0.13608107591668764,0.9694444437821707,0.052052548776070275,-0.01388890544573466
dense6,2701,5,keeps_first,5,0.11234519630670547,0.976111114025116,0.028316669166088104,-0.007222235202789307
dense6,2701,5,drops_first,1,0.2547604739665985,0.9361110925674438,0.17073194682598114,-0.047222256660461426
dense6,2701,6,prefix,1,0.08402852714061737,0.9833333492279053,0.0,0.0
dense6,2701,6,all_masks,1,0.08402852714061737,0.9833333492279053,0.0,0.0
dense6,2701,6,keeps_first,1,0.08402852714061737,0.9833333492279053,0.0,0.0
dense6,2702,1,prefix,1,1.2276183366775513,0.7083333134651184,1.1539062932133675,-0.27500003576278687
dense6,2702,1,all_masks,6,1.2024210095405579,0.6814814706643423,1.128708966076374,-0.30185187856356305
dense6,2702,1,keeps_first,1,1.2276183366775513,0.7083333134651184,1.1539062932133675,-0.27500003576278687
dense6,2702,1,drops_first,5,1.1973815441131592,0.676111102104187,1.1236695006489754,-0.30722224712371826
dense6,2702,2,prefix,1,0.6902382969856262,0.8999999761581421,0.6165262535214424,-0.08333337306976318
dense6,2702,2,all_masks,15,0.7155579646428426,0.8287036975224813,0.6418459211786588,-0.154629651705424
dense6,2702,2,keeps_first,5,0.6679906964302063,0.8749999880790711,0.5942786529660224,-0.10833336114883423
dense6,2702,2,drops_first,10,0.7393415987491607,0.8055555522441864,0.6656295552849769,-0.17777779698371887
dense6,2702,3,prefix,1,0.3456968665122986,0.9583333134651184,0.2719848230481148,-0.025000035762786865
dense6,2702,3,all_masks,20,0.40851771980524065,0.899722221493721,0.33480567634105685,-0.08361112773418426
dense6,2702,3,keeps_first,10,0.34610104858875274,0.9300000071525574,0.27238900512456893,-0.0533333420753479
dense6,2702,3,drops_first,10,0.4709343910217285,0.8694444358348846,0.3972223475575447,-0.11388891339302062
dense6,2702,3,alternating,2,0.35749782621860504,0.9124999940395355,0.28378578275442123,-0.07083335518836975
dense6,2702,4,prefix,1,0.17135994136333466,0.980555534362793,0.09764789789915085,-0.0027778148651123047
dense6,2702,4,all_masks,15,0.22873234351476032,0.9433333237965902,0.15502030005057651,-0.0400000254313151
dense6,2702,4,keeps_first,10,0.18639187663793563,0.9599999964237214,0.11267983317375183,-0.02333335280418396
dense6,2702,4,drops_first,5,0.31341327726840973,0.9099999785423278,0.23970123380422592,-0.0733333706855774
dense6,2702,5,prefix,1,0.08876786381006241,0.9861111044883728,0.015055820345878601,0.0027777552604675293
dense6,2702,5,all_masks,6,0.12539486835400263,0.9703703820705414,0.051682824889818825,-0.012962967157363892
dense6,2702,5,keeps_first,5,0.11039502322673797,0.9766666769981385,0.03668297976255417,-0.0066666722297668455
dense6,2702,5,drops_first,1,0.20039409399032593,0.9388889074325562,0.12668205052614212,-0.04444444179534912
dense6,2702,6,prefix,1,0.07371204346418381,0.9833333492279053,0.0,0.0
dense6,2702,6,all_masks,1,0.07371204346418381,0.9833333492279053,0.0,0.0
dense6,2702,6,keeps_first,1,0.07371204346418381,0.9833333492279053,0.0,0.0
dense6,2703,1,prefix,1,1.302927017211914,0.625,1.2186074927449226,-0.3583333492279053
dense6,2703,1,all_masks,6,1.2303385337193806,0.6458333333333334,1.1460190092523892,-0.33750001589457196
dense6,2703,1,keeps_first,1,1.302927017211914,0.625,1.2186074927449226,-0.3583333492279053
dense6,2703,1,drops_first,5,1.215820837020874,0.65,1.1315013125538826,-0.33333334922790525
dense6,2703,2,prefix,1,0.6916379928588867,0.9083333611488342,0.6073184683918953,-0.07499998807907104
dense6,2703,2,all_masks,15,0.7288501938184102,0.8216666618982951,0.6445306693514188,-0.16166668732961018
dense6,2703,2,keeps_first,5,0.7192146062850953,0.8388888955116272,0.6348950818181038,-0.14444445371627807
dense6,2703,2,drops_first,10,0.7336679875850678,0.813055545091629,0.6493484631180764,-0.17027780413627625
dense6,2703,3,prefix,1,0.32124340534210205,0.9694444537162781,0.23692388087511063,-0.013888895511627197
dense6,2703,3,all_masks,20,0.4172427296638489,0.8977777779102325,0.3329232051968575,-0.08555557131767273
dense6,2703,3,keeps_first,10,0.38607109785079957,0.9149999976158142,0.30175157338380815,-0.06833335161209106
dense6,2703,3,drops_first,10,0.44841436147689817,0.8805555582046509,0.36409483700990675,-0.10277779102325439
dense6,2703,3,alternating,2,0.39822427928447723,0.9083333313465118,0.3139047548174858,-0.07500001788139343
dense6,2703,4,prefix,1,0.15800228714942932,0.9777777791023254,0.0736827626824379,-0.005555570125579834
dense6,2703,4,all_masks,15,0.2444537768761317,0.940925931930542,0.16013425240914028,-0.04240741729736328
dense6,2703,4,keeps_first,10,0.21860596388578415,0.9508333384990693,0.13428643941879273,-0.03250001072883606
dense6,2703,4,drops_first,5,0.2961494028568268,0.9211111187934875,0.21182987838983536,-0.06222223043441773
dense6,2703,5,prefix,1,0.10611140727996826,0.980555534362793,0.021791882812976837,-0.0027778148651123047
dense6,2703,5,all_masks,6,0.14697514350215593,0.9662036995093027,0.06265561903516452,-0.017129649718602497
dense6,2703,5,keeps_first,5,0.13325340896844864,0.9716666579246521,0.04893388450145721,-0.011666691303253174
dense6,2703,5,drops_first,1,0.21558381617069244,0.9388889074325562,0.13126429170370102,-0.04444444179534912
dense6,2703,6,prefix,1,0.08431952446699142,0.9833333492279053,0.0,0.0
dense6,2703,6,all_masks,1,0.08431952446699142,0.9833333492279053,0.0,0.0
dense6,2703,6,keeps_first,1,0.08431952446699142,0.9833333492279053,0.0,0.0
dense6,2704,1,prefix,1,0.9420517086982727,0.7861111164093018,0.8669469356536865,-0.19722223281860352
dense6,2704,1,all_masks,6,0.9225667317708334,0.782870372136434,0.8474619587262472,-0.20046297709147134
dense6,2704,1,keeps_first,1,0.9420517086982727,0.7861111164093018,0.8669469356536865,-0.19722223281860352
dense6,2704,1,drops_first,5,0.9186697363853454,0.7822222232818603,0.8435649633407593,-0.2011111259460449
dense6,2704,2,prefix,1,0.569873034954071,0.9027777910232544,0.49476826190948486,-0.08055555820465088
dense6,2704,2,all_masks,15,0.5773845891157786,0.8674074093500773,0.5022798160711924,-0.11592593987782797
dense6,2704,2,keeps_first,5,0.5415806651115418,0.8911111116409302,0.46647589206695556,-0.09222223758697509
dense6,2704,2,drops_first,10,0.5952865511178971,0.8555555582046509,0.5201817780733109,-0.1277777910232544
dense6,2704,3,prefix,1,0.28596827387809753,0.9583333134651184,0.21086350083351135,-0.025000035762786865
dense6,2704,3,all_masks,20,0.3610888198018074,0.909583330154419,0.2859840467572212,-0.07375001907348633
dense6,2704,3,keeps_first,10,0.30800789296627046,0.9283333241939544,0.23290311992168428,-0.05500002503395081
dense6,2704,3,drops_first,10,0.41416974663734435,0.8908333361148835,0.33906497359275817,-0.09250001311302185
dense6,2704,3,alternating,2,0.3580005019903183,0.9194444417953491,0.2828957289457321,-0.06388890743255615
dense6,2704,4,prefix,1,0.13596835732460022,0.9777777791023254,0.06086358428001404,-0.005555570125579834
dense6,2704,4,all_masks,15,0.22177931467692058,0.9442592620849609,0.1466745416323344,-0.03907408714294434
dense6,2704,4,keeps_first,10,0.178822623193264,0.9561111211776734,0.10371785014867782,-0.027222228050231934
dense6,2704,4,drops_first,5,0.3076926976442337,0.9205555438995361,0.23258792459964753,-0.06277780532836914
dense6,2704,5,prefix,1,0.08847218751907349,0.9861111044883728,0.013367414474487305,0.0027777552604675293
dense6,2704,5,all_masks,6,0.1330028623342514,0.9685185253620148,0.05789808928966522,-0.014814823865890503
dense6,2704,5,keeps_first,5,0.10943898558616638,0.9733333468437195,0.0343342125415802,-0.010000002384185792
dense6,2704,5,drops_first,1,0.2508222460746765,0.9444444179534912,0.17571747303009033,-0.03888893127441406
dense6,2704,6,prefix,1,0.07510477304458618,0.9833333492279053,0.0,0.0
dense6,2704,6,all_masks,1,0.07510477304458618,0.9833333492279053,0.0,0.0
dense6,2704,6,keeps_first,1,0.07510477304458618,0.9833333492279053,0.0,0.0
dense6,2705,1,prefix,1,1.221034288406372,0.7194444537162781,1.1383986100554466,-0.2638888955116272
dense6,2705,1,all_masks,6,1.2358502546946208,0.655092587073644,1.1532145763436954,-0.3282407621542613
dense6,2705,1,keeps_first,1,1.221034288406372,0.7194444537162781,1.1383986100554466,-0.2638888955116272
dense6,2705,1,drops_first,5,1.2388134479522706,0.6422222137451172,1.156177769601345,-0.3411111354827881
dense6,2705,2,prefix,1,0.7208023071289062,0.855555534362793,0.6381666287779808,-0.1277778148651123
dense6,2705,2,all_masks,15,0.7313807368278503,0.8192592620849609,0.6487450584769249,-0.16407408714294433
dense6,2705,2,keeps_first,5,0.673850131034851,0.8655555486679077,0.5912144526839256,-0.11777780055999756
dense6,2705,2,drops_first,10,0.76014603972435,0.7961111187934875,0.6775103613734246,-0.1872222304344177
dense6,2705,3,prefix,1,0.315978080034256,0.9611111283302307,0.23334240168333054,-0.02222222089767456
dense6,2705,3,all_masks,20,0.42777782678604126,0.8912499994039536,0.3451421484351158,-0.09208334982395172
dense6,2705,3,keeps_first,10,0.3563761651515961,0.9247222244739532,0.27374048680067065,-0.058611124753952026
dense6,2705,3,drops_first,10,0.49917948842048643,0.8577777743339539,0.416543810069561,-0.12555557489395142
dense6,2705,3,alternating,2,0.36037980020046234,0.9083333313465118,0.2777441218495369,-0.07500001788139343
dense6,2705,4,prefix,1,0.15917102992534637,0.9666666388511658,0.07653535157442093,-0.016666710376739502
dense6,2705,4,all_masks,15,0.2556071311235428,0.9322222232818603,0.17297145277261733,-0.05111112594604492
dense6,2705,4,keeps_first,10,0.20083652585744857,0.9513888895511627,0.11820084750652313,-0.03194445967674255
dense6,2705,4,drops_first,5,0.3651483416557312,0.8938888907432556,0.28251266330480573,-0.08944445848464966
dense6,2705,5,prefix,1,0.1018047034740448,0.9750000238418579,0.019169025123119354,-0.008333325386047363
dense6,2705,5,all_masks,6,0.14961912482976913,0.965277781089147,0.06698344647884369,-0.018055568138758343
dense6,2705,5,keeps_first,5,0.12338246405124664,0.9733333349227905,0.0407467857003212,-0.010000014305114746
dense6,2705,5,drops_first,1,0.2808024287223816,0.925000011920929,0.19816675037145615,-0.05833333730697632
dense6,2705,6,prefix,1,0.08263567835092545,0.9833333492279053,0.0,0.0
dense6,2705,6,all_masks,1,0.08263567835092545,0.9833333492279053,0.0,0.0
dense6,2705,6,keeps_first,1,0.08263567835092545,0.9833333492279053,0.0,0.0
constant_ild,2701,1,prefix,1,0.6823806166648865,0.8999999761581421,0.597740113735199,-0.08333337306976318
constant_ild,2701,1,all_masks,6,0.8160834411780039,0.8013888696829478,0.7314429382483164,-0.1819444795449575
constant_ild,2701,1,keeps_first,1,0.6823806166648865,0.8999999761581421,0.597740113735199,-0.08333337306976318
constant_ild,2701,1,drops_first,5,0.8428240060806275,0.7816666483879089,0.75818350315094,-0.20166670083999633
constant_ild,2701,2,prefix,1,0.24598190188407898,0.9777777791023254,0.16134139895439148,-0.005555570125579834
constant_ild,2701,2,all_masks,15,0.38952793677647907,0.9075925906499227,0.30488743384679157,-0.07574075857798258
constant_ild,2701,2,keeps_first,5,0.25557376742362975,0.9622222185134888,0.17093326449394225,-0.021111130714416504
constant_ild,2701,2,drops_first,10,0.4565050214529037,0.8802777767181397,0.3718645185232162,-0.10305557250976563
constant_ild,2701,3,prefix,1,0.12485400587320328,0.9833333492279053,0.04021350294351578,0.0
constant_ild,2701,3,all_masks,20,0.22247818149626256,0.9480555593967438,0.13783767856657506,-0.0352777898311615
constant_ild,2701,3,keeps_first,10,0.13044866397976876,0.9802777767181396,0.04580816105008125,-0.003055572509765625
constant_ild,2701,3,drops_first,10,0.3145076990127563,0.915833342075348,0.22986719608306885,-0.06750000715255737
constant_ild,2701,3,alternating,2,0.20446888357400894,0.9569444358348846,0.11982838064432144,-0.02638891339302063
constant_ild,2701,4,prefix,1,0.0930602103471756,0.9833333492279053,0.008419707417488098,0.0
constant_ild,2701,4,all_masks,15,0.1516839012503624,0.9651851812998454,0.0670433983206749,-0.018148167928059896
constant_ild,2701,4,keeps_first,10,0.09384681060910224,0.9822222173213959,0.009206307679414749,-0.0011111319065093995
constant_ild,2701,4,drops_first,5,0.2673580825328827,0.9311111092567443,0.18271757960319518,-0.05222223997116089
constant_ild,2701,5,prefix,1,0.08458580076694489,0.9833333492279053,-5.4702162742614746e-05,0.0
constant_ild,2701,5,all_masks,6,0.11164617414275806,0.9749999940395355,0.027005671213070553,-0.008333355188369751
constant_ild,2701,5,keeps_first,5,0.0836263582110405,0.9827777743339539,-0.0010141447186470033,-0.000555574893951416
constant_ild,2701,5,drops_first,1,0.2517452538013458,0.9361110925674438,0.16710475087165833,-0.047222256660461426
constant_ild,2701,6,prefix,1,0.0846405029296875,0.9833333492279053,0.0,0.0
constant_ild,2701,6,all_masks,1,0.0846405029296875,0.9833333492279053,0.0,0.0
constant_ild,2701,6,keeps_first,1,0.0846405029296875,0.9833333492279053,0.0,0.0
constant_ild,2702,1,prefix,1,0.6332575082778931,0.9083333611488342,0.5525079295039177,-0.07222217321395874
constant_ild,2702,1,all_masks,6,0.7640101512273153,0.842592587073644,0.6832605724533399,-0.13796294728914896
constant_ild,2702,1,keeps_first,1,0.6332575082778931,0.9083333611488342,0.5525079295039177,-0.07222217321395874
constant_ild,2702,1,drops_first,5,0.7901606798171997,0.829444432258606,0.7094111010432244,-0.15111110210418702
constant_ild,2702,2,prefix,1,0.23476746678352356,0.9750000238418579,0.1540178880095482,-0.005555510520935059
constant_ild,2702,2,all_masks,15,0.37846671243508656,0.9155555566151937,0.2977171336611112,-0.06499997774759929
constant_ild,2702,2,keeps_first,5,0.256011626124382,0.9599999904632568,0.17526204735040665,-0.020555543899536132
constant_ild,2702,2,drops_first,10,0.43969425559043884,0.8933333396911621,0.35894467681646347,-0.08722219467163086
constant_ild,2702,3,prefix,1,0.11793322116136551,0.9833333492279053,0.03718364238739014,0.0027778148651123047
constant_ild,2702,3,all_masks,20,0.21986811012029647,0.9441666722297668,0.1391185313463211,-0.036388862133026126
constant_ild,2702,3,keeps_first,10,0.13533081114292145,0.9730555593967438,0.054581232368946075,-0.007499974966049194
constant_ild,2702,3,drops_first,10,0.3044054090976715,0.9152777850627899,0.22365583032369613,-0.06527774930000305
constant_ild,2702,3,alternating,2,0.2025783285498619,0.9444444477558136,0.12182874977588654,-0.03611108660697937
constant_ild,2702,4,prefix,1,0.08941324055194855,0.9833333492279053,0.008663661777973175,0.0027778148651123047
constant_ild,2702,4,all_masks,15,0.14687174260616304,0.963518516222636,0.06612216383218765,-0.017037018140157064
constant_ild,2702,4,keeps_first,10,0.09683713167905808,0.9794444382190705,0.0160875529050827,-0.001111096143722534
constant_ild,2702,4,drops_first,5,0.24694096446037292,0.9316666722297668,0.16619138568639755,-0.04888886213302612
constant_ild,2702,5,prefix,1,0.08017643541097641,0.980555534362793,-0.0005731433629989624,0.0
constant_ild,2702,5,all_masks,6,0.10635172575712204,0.9763888816038767,0.025602146983146667,-0.004166652758916219
constant_ild,2702,5,keeps_first,5,0.08387334644794464,0.9816666603088379,0.003123767673969269,0.0011111259460449218
constant_ild,2702,5,drops_first,1,0.21874362230300903,0.949999988079071,0.13799404352903366,-0.030555546283721924
constant_ild,2702,6,prefix,1,0.08074957877397537,0.980555534362793,0.0,0.0
constant_ild,2702,6,all_masks,1,0.08074957877397537,0.980555534362793,0.0,0.0
constant_ild,2702,6,keeps_first,1,0.08074957877397537,0.980555534362793,0.0,0.0
constant_ild,2703,1,prefix,1,0.6578179001808167,0.9138888716697693,0.5748950690031052,-0.06944447755813599
constant_ild,2703,1,all_masks,6,0.7776102622350057,0.827777773141861,0.6946874310572942,-0.1555555760860443
constant_ild,2703,1,keeps_first,1,0.6578179001808167,0.9138888716697693,0.5748950690031052,-0.06944447755813599
constant_ild,2703,1,drops_first,5,0.8015687346458436,0.8105555534362793,0.7186459034681321,-0.17277779579162597
constant_ild,2703,2,prefix,1,0.252839595079422,0.9666666388511658,0.1699167639017105,-0.016666710376739502
constant_ild,2703,2,all_masks,15,0.38592517574628193,0.9129629611968995,0.30300234456857045,-0.07037038803100586
constant_ild,2703,2,keeps_first,5,0.2543811142444611,0.9655555486679077,0.17145828306674957,-0.01777780055999756
constant_ild,2703,2,drops_first,10,0.45169720649719236,0.8866666674613952,0.3687743753194809,-0.09666668176651001
constant_ild,2703,3,prefix,1,0.12898540496826172,0.9777777791023254,0.04606257379055023,-0.005555570125579834
constant_ild,2703,3,all_masks,20,0.22901300750672818,0.9461111158132554,0.1460901763290167,-0.03722223341464996
constant_ild,2703,3,keeps_first,10,0.13971151933073997,0.975555557012558,0.05678868815302849,-0.00777779221534729
constant_ild,2703,3,drops_first,10,0.31831449568271636,0.9166666746139527,0.23539166450500487,-0.06666667461395263
constant_ild,2703,3,alternating,2,0.2281704768538475,0.9486111104488373,0.14524764567613602,-0.03472223877906799
constant_ild,2703,4,prefix,1,0.09522051364183426,0.9777777791023254,0.012297682464122772,-0.005555570125579834
constant_ild,2703,4,all_masks,15,0.1574793060620626,0.961296292146047,0.07455647488435109,-0.022037057081858318
constant_ild,2703,4,keeps_first,10,0.10310617983341216,0.9780555546283722,0.020183348655700685,-0.005277794599533081
constant_ild,2703,4,drops_first,5,0.2662255585193634,0.9277777671813965,0.18330272734165193,-0.05555558204650879
constant_ild,2703,5,prefix,1,0.08625124394893646,0.9833333492279053,0.0033284127712249756,0.0
constant_ild,2703,5,all_masks,6,0.11490414539972942,0.9759259223937988,0.03198131422201792,-0.007407426834106445
constant_ild,2703,5,keeps_first,5,0.0884427011013031,0.9838888883590698,0.005519869923591614,0.0005555391311645508
constant_ild,2703,5,drops_first,1,0.24721136689186096,0.9361110925674438,0.16428853571414948,-0.047222256660461426
constant_ild,2703,6,prefix,1,0.08292283117771149,0.9833333492279053,0.0,0.0
constant_ild,2703,6,all_masks,1,0.08292283117771149,0.9833333492279053,0.0,0.0
constant_ild,2703,6,keeps_first,1,0.08292283117771149,0.9833333492279053,0.0,0.0
constant_ild,2704,1,prefix,1,0.5046320557594299,0.9416666626930237,0.4345853626728058,-0.04166668653488159
constant_ild,2704,1,all_masks,6,0.6017221709092458,0.8902777830759684,0.5316754778226217,-0.09305556615193684
constant_ild,2704,1,keeps_first,1,0.5046320557594299,0.9416666626930237,0.4345853626728058,-0.04166668653488159
constant_ild,2704,1,drops_first,5,0.6211401939392089,0.8800000071525573,0.5510935008525848,-0.1033333420753479
constant_ild,2704,2,prefix,1,0.21119119226932526,0.9694444537162781,0.1411444991827011,-0.013888895511627197
constant_ild,2704,2,all_masks,15,0.3236917436122894,0.9307407379150391,0.25364505052566527,-0.05259261131286621
constant_ild,2704,2,keeps_first,5,0.21957587599754333,0.9666666746139526,0.14952918291091918,-0.016666674613952638
constant_ild,2704,2,drops_first,10,0.3757496774196625,0.9127777695655823,0.30570298433303833,-0.070555579662323
constant_ild,2704,3,prefix,1,0.11171986162662506,0.980555534362793,0.041673168540000916,-0.0027778148651123047
constant_ild,2704,3,all_masks,20,0.2061532787978649,0.9508333295583725,0.13610658571124076,-0.032500019669532774
constant_ild,2704,3,keeps_first,10,0.12398252636194229,0.976666659116745,0.053935833275318146,-0.006666690111160278
constant_ild,2704,3,drops_first,10,0.2883240312337875,0.925,0.21827733814716338,-0.05833334922790527
constant_ild,2704,3,alternating,2,0.20162108913064003,0.9513888657093048,0.13157439604401588,-0.031944483518600464
constant_ild,2704,4,prefix,1,0.08322465419769287,0.9833333492279053,0.013177961111068726,0.0
constant_ild,2704,4,all_masks,15,0.14644744445880253,0.9646296342213948,0.0764007513721784,-0.018703715006510416
constant_ild,2704,4,keeps_first,10,0.0902147151529789,0.9808333396911622,0.020168022066354752,-0.002500009536743164
constant_ild,2704,4,drops_first,5,0.25891290307044984,0.9322222232818603,0.1888662099838257,-0.05111112594604492
constant_ild,2704,5,prefix,1,0.07411406934261322,0.9833333492279053,0.004067376255989075,0.0
constant_ild,2704,5,all_masks,6,0.10626401503880818,0.9759259422620138,0.036217321952184044,-0.0074074069658915205
constant_ild,2704,5,keeps_first,5,0.07639889717102051,0.9833333492279053,0.0063522040843963625,0.0
constant_ild,2704,5,drops_first,1,0.2555896043777466,0.9388889074325562,0.18554291129112244,-0.04444444179534912
constant_ild,2704,6,prefix,1,0.07004669308662415,0.9833333492279053,0.0,0.0
constant_ild,2704,6,all_masks,1,0.07004669308662415,0.9833333492279053,0.0,0.0
constant_ild,2704,6,keeps_first,1,0.07004669308662415,0.9833333492279053,0.0,0.0
constant_ild,2705,1,prefix,1,0.6073299646377563,0.9416666626930237,0.5338436365127563,-0.04166668653488159
constant_ild,2705,1,all_masks,6,0.7863763074080149,0.8231481413046519,0.7128899792830149,-0.1601852079232534
constant_ild,2705,1,keeps_first,1,0.6073299646377563,0.9416666626930237,0.5338436365127563,-0.04166668653488159
constant_ild,2705,1,drops_first,5,0.8221855759620667,0.7994444370269775,0.7486992478370667,-0.18388891220092773
constant_ild,2705,2,prefix,1,0.22563478350639343,0.980555534362793,0.15214845538139343,-0.0027778148651123047
constant_ild,2705,2,all_masks,15,0.39114069044589994,0.9066666642824809,0.31765436232089994,-0.0766666849454244
constant_ild,2705,2,keeps_first,5,0.2432449370622635,0.9672222137451172,0.1697586089372635,-0.016111135482788086
constant_ild,2705,2,drops_first,10,0.4650885671377182,0.8763888895511627,0.3916022390127182,-0.10694445967674256
constant_ild,2705,3,prefix,1,0.11025160551071167,0.9861111044883728,0.03676527738571167,0.0027777552604675293
constant_ild,2705,3,all_masks,20,0.23678418286144734,0.9377777755260468,0.16329785473644734,-0.04555557370185852
constant_ild,2705,3,keeps_first,10,0.131882131844759,0.975555557012558,0.058395803719758985,-0.00777779221534729
constant_ild,2705,3,drops_first,10,0.3416862338781357,0.8999999940395356,0.2681999057531357,-0.08333335518836975
constant_ild,2705,3,alternating,2,0.21701905131340027,0.9458333253860474,0.14353272318840027,-0.03750002384185791
constant_ild,2705,4,prefix,1,0.08310636132955551,0.9833333492279053,0.009620033204555511,0.0
constant_ild,2705,4,all_masks,15,0.16108167419830957,0.9588888883590698,0.08759534607330959,-0.02444446086883545
constant_ild,2705,4,keeps_first,10,0.0947048731148243,0.9813888907432556,0.021218544989824294,-0.0019444584846496581
constant_ild,2705,4,drops_first,5,0.2938352763652802,0.9138888835906982,0.22034894824028015,-0.06944446563720703
constant_ild,2705,5,prefix,1,0.07669233530759811,0.9833333492279053,0.003206007182598114,0.0
constant_ild,2705,5,all_masks,6,0.1120644211769104,0.9722222288449606,0.0385780930519104,-0.011111120382944742
constant_ild,2705,5,keeps_first,5,0.07989502549171448,0.9833333373069764,0.006408697366714478,-1.1920928955078126e-08
constant_ild,2705,5,drops_first,1,0.27291139960289,0.9166666865348816,0.19942507147789001,-0.06666666269302368
constant_ild,2705,6,prefix,1,0.073486328125,0.9833333492279053,0.0,0.0
constant_ild,2705,6,all_masks,1,0.073486328125,0.9833333492279053,0.0,0.0
constant_ild,2705,6,keeps_first,1,0.073486328125,0.9833333492279053,0.0,0.0
decreasing_ild,2701,1,prefix,1,0.5138036608695984,0.9305555820465088,0.42945531755685806,-0.052777767181396484
decreasing_ild,2701,1,all_masks,6,0.7393528918425242,0.8208333353201548,0.6550045485297838,-0.16250001390775046
decreasing_ild,2701,1,keeps_first,1,0.5138036608695984,0.9305555820465088,0.42945531755685806,-0.052777767181396484
decreasing_ild,2701,1,drops_first,5,0.7844627380371094,0.798888885974884,0.7001143947243691,-0.18444446325302125
decreasing_ild,2701,2,prefix,1,0.1885063648223877,0.980555534362793,0.10415802150964737,-0.0027778148651123047
decreasing_ild,2701,2,all_masks,15,0.3730057905117671,0.9137036999066671,0.28865744719902675,-0.0696296493212382
decreasing_ild,2701,2,keeps_first,5,0.22072658836841583,0.9694444417953492,0.1363782450556755,-0.013888907432556153
decreasing_ild,2701,2,drops_first,10,0.4491453915834427,0.885833328962326,0.36479704827070236,-0.09750002026557922
decreasing_ild,2701,3,prefix,1,0.1136460229754448,0.9833333492279053,0.029297679662704468,0.0
decreasing_ild,2701,3,all_masks,20,0.2227451615035534,0.9494444519281388,0.13839681819081306,-0.03388889729976654
decreasing_ild,2701,3,keeps_first,10,0.1278619274497032,0.9816666722297669,0.04351358413696289,-0.0016666769981384278
decreasing_ild,2701,3,drops_first,10,0.3176283955574036,0.9172222316265106,0.23328005224466325,-0.06611111760139465
decreasing_ild,2701,3,alternating,2,0.20570579916238785,0.9555555582046509,0.12135745584964752,-0.027777791023254395
decreasing_ild,2701,4,prefix,1,0.09163065999746323,0.9833333492279053,0.0072823166847229,0.0
decreasing_ild,2701,4,all_masks,15,0.1536294455329577,0.9646296262741089,0.06928110222021738,-0.018703722953796388
decreasing_ild,2701,4,keeps_first,10,0.09645575806498527,0.9827777683734894,0.012107414752244949,-0.0005555808544158936
decreasing_ild,2701,4,drops_first,5,0.2679768204689026,0.9283333420753479,0.18362847715616226,-0.05500000715255737
decreasing_ild,2701,5,prefix,1,0.08523429185152054,0.9833333492279053,0.0008859485387802124,0.0
decreasing_ild,2701,5,all_masks,6,0.11303070311745007,0.9749999940395355,0.02868235980470975,-0.008333355188369751
decreasing_ild,2701,5,keeps_first,5,0.08577632457017899,0.9827777743339539,0.0014279812574386596,-0.000555574893951416
decreasing_ild,2701,5,drops_first,1,0.24930259585380554,0.9361110925674438,0.16495425254106522,-0.047222256660461426
decreasing_ild,2701,6,prefix,1,0.08434834331274033,0.9833333492279053,0.0,0.0
decreasing_ild,2701,6,all_masks,1,0.08434834331274033,0.9833333492279053,0.0,0.0
decreasing_ild,2701,6,keeps_first,1,0.08434834331274033,0.9833333492279053,0.0,0.0
decreasing_ild,2702,1,prefix,1,0.4789382815361023,0.9305555820465088,0.39647050201892853,-0.052777767181396484
decreasing_ild,2702,1,all_masks,6,0.6984652777512869,0.8564814825852712,0.6159974982341131,-0.12685186664263406
decreasing_ild,2702,1,keeps_first,1,0.4789382815361023,0.9305555820465088,0.39647050201892853,-0.052777767181396484
decreasing_ild,2702,1,drops_first,5,0.7423706769943237,0.8416666626930237,0.6599028974771499,-0.1416666865348816
decreasing_ild,2702,2,prefix,1,0.18010179698467255,0.9833333492279053,0.09763401746749878,0.0
decreasing_ild,2702,2,all_masks,15,0.3651914487282435,0.9179629643758138,0.28272366921106973,-0.06537038485209147
decreasing_ild,2702,2,keeps_first,5,0.21931579411029817,0.9638888955116272,0.1368480145931244,-0.019444453716278075
decreasing_ild,2702,2,drops_first,10,0.4381292760372162,0.8949999988079071,0.3556614965200424,-0.08833335041999817
decreasing_ild,2702,3,prefix,1,0.10765110701322556,0.9833333492279053,0.02518332749605179,0.0
decreasing_ild,2702,3,all_masks,20,0.2217882476747036,0.9459722191095352,0.13932046815752983,-0.037361130118370056
decreasing_ild,2702,3,keeps_first,10,0.13152213394641876,0.9750000059604644,0.049054354429244995,-0.008333343267440795
decreasing_ild,2702,3,drops_first,10,0.3120543614029884,0.916944432258606,0.22958658188581466,-0.06638891696929931
decreasing_ild,2702,3,alternating,2,0.2051212266087532,0.9472222030162811,0.12265344709157944,-0.036111146211624146
decreasing_ild,2702,4,prefix,1,0.08974394202232361,0.9861111044883728,0.007276162505149841,0.0027777552604675293
decreasing_ild,2702,4,all_masks,15,0.15100135952234267,0.9633333325386048,0.06853358000516892,-0.020000016689300536
decreasing_ild,2702,4,keeps_first,10,0.0994658462703228,0.9791666686534881,0.016998066753149032,-0.004166680574417114
decreasing_ild,2702,4,drops_first,5,0.25407238602638244,0.9316666603088379,0.17160460650920867,-0.05166668891906738
decreasing_ild,2702,5,prefix,1,0.08247149735689163,0.980555534362793,3.7178397178649902e-06,-0.0027778148651123047
decreasing_ild,2702,5,all_masks,6,0.10958083346486092,0.9754629532496134,0.02711305394768715,-0.00787039597829183
decreasing_ild,2702,5,keeps_first,5,0.08686882406473159,0.9816666603088379,0.0044010445475578305,-0.001666688919067383
decreasing_ild,2702,5,drops_first,1,0.2231408804655075,0.9444444179534912,0.14067310094833374,-0.03888893127441406
decreasing_ild,2702,6,prefix,1,0.08246777951717377,0.9833333492279053,0.0,0.0
decreasing_ild,2702,6,all_masks,1,0.08246777951717377,0.9833333492279053,0.0,0.0
decreasing_ild,2702,6,keeps_first,1,0.08246777951717377,0.9833333492279053,0.0,0.0
decreasing_ild,2703,1,prefix,1,0.49428316950798035,0.9388889074325562,0.41029010713100433,-0.041666626930236816
decreasing_ild,2703,1,all_masks,6,0.7106735755999883,0.8393518428007761,0.6266805132230123,-0.14120369156201681
decreasing_ild,2703,1,keeps_first,1,0.49428316950798035,0.9388889074325562,0.41029010713100433,-0.041666626930236816
decreasing_ild,2703,1,drops_first,5,0.7539516568183899,0.8194444298744201,0.6699585944414139,-0.1611111044883728
decreasing_ild,2703,2,prefix,1,0.19692231714725494,0.9777777791023254,0.11292925477027893,-0.0027777552604675293
decreasing_ild,2703,2,all_masks,15,0.37796906729539237,0.9162962873776753,0.29397600491841636,-0.06425924698511759
decreasing_ild,2703,2,keeps_first,5,0.22028908431529998,0.9711111068725586,0.13629602193832396,-0.009444427490234376
decreasing_ild,2703,2,drops_first,10,0.45680905878543854,0.8888888776302337,0.3728159964084625,-0.0916666567325592
decreasing_ild,2703,3,prefix,1,0.11890172213315964,0.9750000238418579,0.034908659756183624,-0.005555510520935059
decreasing_ild,2703,3,all_masks,20,0.23653124868869782,0.9445833414793015,0.1525381863117218,-0.035972192883491516
decreasing_ild,2703,3,keeps_first,10,0.1353091388940811,0.9747222304344177,0.051316076517105104,-0.0058333039283752445
decreasing_ild,2703,3,drops_first,10,0.3377533584833145,0.9144444525241852,0.2537602961063385,-0.06611108183860778
decreasing_ild,2703,3,alternating,2,0.23159445822238922,0.9527778029441833,0.1476013958454132,-0.02777773141860962
decreasing_ild,2703,4,prefix,1,0.09499741345643997,0.9777777791023254,0.011004351079463959,-0.0027777552604675293
decreasing_ild,2703,4,all_masks,15,0.16550472378730774,0.96018519004186,0.08151166141033173,-0.020370344320933025
decreasing_ild,2703,4,keeps_first,10,0.1043849378824234,0.9777777791023254,0.02039187550544739,-0.0027777552604675293
decreasing_ild,2703,4,drops_first,5,0.2877442955970764,0.925000011920929,0.20375123322010041,-0.055555522441864014
decreasing_ild,2703,5,prefix,1,0.08700954169034958,0.9777777791023254,0.0030164793133735657,-0.0027777552604675293
decreasing_ild,2703,5,all_masks,6,0.1197568488617738,0.9717592597007751,0.0357637864847978,-0.008796274662017822
decreasing_ild,2703,5,keeps_first,5,0.09049138575792312,0.9794444441795349,0.006498323380947113,-0.0011110901832580566
decreasing_ild,2703,5,drops_first,1,0.2660841643810272,0.9333333373069763,0.1820911020040512,-0.04722219705581665
decreasing_ild,2703,6,prefix,1,0.08399306237697601,0.980555534362793,0.0,0.0
decreasing_ild,2703,6,all_masks,1,0.08399306237697601,0.980555534362793,0.0,0.0
decreasing_ild,2703,6,keeps_first,1,0.08399306237697601,0.980555534362793,0.0,0.0
decreasing_ild,2704,1,prefix,1,0.3980630338191986,0.9472222328186035,0.3252834230661392,-0.03611111640930176
decreasing_ild,2704,1,all_masks,6,0.5610815534989039,0.8939814865589142,0.48830194274584454,-0.08935186266899109
decreasing_ild,2704,1,keeps_first,1,0.3980630338191986,0.9472222328186035,0.3252834230661392,-0.03611111640930176
decreasing_ild,2704,1,drops_first,5,0.593685257434845,0.8833333373069763,0.5209056466817856,-0.10000001192092896
decreasing_ild,2704,2,prefix,1,0.17369093000888824,0.9694444537162781,0.10091131925582886,-0.013888895511627197
decreasing_ild,2704,2,all_masks,15,0.3172294149796168,0.9305555542310079,0.2444498042265574,-0.05277779499689738
decreasing_ild,2704,2,keeps_first,5,0.19756853878498076,0.9661111116409302,0.12478892803192139,-0.0172222375869751
decreasing_ild,2704,2,drops_first,10,0.3770598530769348,0.9127777755260468,0.3042802423238754,-0.07055557370185853
decreasing_ild,2704,3,prefix,1,0.10202670842409134,0.9777777791023254,0.029247097671031952,-0.005555570125579834
decreasing_ild,2704,3,all_masks,20,0.2084438309073448,0.9516666620969773,0.13566422015428542,-0.03166668713092804
decreasing_ild,2704,3,keeps_first,10,0.12433315515518188,0.9766666650772095,0.051553544402122495,-0.0066666841506958004
decreasing_ild,2704,3,drops_first,10,0.2925545066595078,0.926666659116745,0.21977489590644836,-0.05666669011116028
decreasing_ild,2704,3,alternating,2,0.20727292075753212,0.9541666507720947,0.13449331000447273,-0.029166698455810547
decreasing_ild,2704,4,prefix,1,0.0833241268992424,0.9833333492279053,0.010544516146183014,0.0
decreasing_ild,2704,4,all_masks,15,0.14951791415611904,0.9640740752220154,0.07673830340305964,-0.019259274005889893
decreasing_ild,2704,4,keeps_first,10,0.09459932669997215,0.9802777767181396,0.021819715946912767,-0.003055572509765625
decreasing_ild,2704,4,drops_first,5,0.25935508906841276,0.9316666722297668,0.1865754783153534,-0.05166667699813843
decreasing_ild,2704,5,prefix,1,0.07610789686441422,0.9833333492279053,0.003328286111354828,0.0
decreasing_ild,2704,5,all_masks,6,0.10858257859945297,0.9759259323279063,0.035802967846393585,-0.0074074168999989825
decreasing_ild,2704,5,keeps_first,5,0.08054558634757995,0.9827777862548828,0.007765975594520569,-0.0005555629730224609
decreasing_ild,2704,5,drops_first,1,0.24876753985881805,0.9416666626930237,0.17598792910575867,-0.04166668653488159
decreasing_ild,2704,6,prefix,1,0.07277961075305939,0.9833333492279053,0.0,0.0
decreasing_ild,2704,6,all_masks,1,0.07277961075305939,0.9833333492279053,0.0,0.0
decreasing_ild,2704,6,keeps_first,1,0.07277961075305939,0.9833333492279053,0.0,0.0
decreasing_ild,2705,1,prefix,1,0.46017056703567505,0.9555555582046509,0.38397639989852905,-0.027777791023254395
decreasing_ild,2705,1,all_masks,6,0.7111401756604513,0.8444444437821707,0.6349460085233053,-0.13888890544573465
decreasing_ild,2705,1,keeps_first,1,0.46017056703567505,0.9555555582046509,0.38397639989852905,-0.027777791023254395
decreasing_ild,2705,1,drops_first,5,0.7613340973854065,0.8222222208976746,0.6851399302482605,-0.16111112833023072
decreasing_ild,2705,2,prefix,1,0.17597821354866028,0.9833333492279053,0.09978404641151428,0.0
decreasing_ild,2705,2,all_masks,15,0.37222178479035695,0.9096296270688374,0.29602761765321095,-0.07370372215906779
decreasing_ild,2705,2,keeps_first,5,0.21114108860492706,0.9677777767181397,0.13494692146778106,-0.015555572509765626
decreasing_ild,2705,2,drops_first,10,0.4527621328830719,0.8805555522441864,0.3765679657459259,-0.10277779698371887
decreasing_ild,2705,3,prefix,1,0.10139262676239014,0.9833333492279053,0.02519845962524414,0.0
decreasing_ild,2705,3,all_masks,20,0.2344639550894499,0.938611114025116,0.1582697879523039,-0.044722235202789305
decreasing_ild,2705,3,keeps_first,10,0.128465586155653,0.975555557012558,0.052271419018507,-0.00777779221534729
decreasing_ild,2705,3,drops_first,10,0.3404623240232468,0.901666671037674,0.2642681568861008,-0.08166667819023132
decreasing_ild,2705,3,alternating,2,0.2157987356185913,0.9444444477558136,0.1396045684814453,-0.038888901472091675
decreasing_ild,2705,4,prefix,1,0.08319918066263199,0.9833333492279053,0.007005013525485992,0.0
decreasing_ild,2705,4,all_masks,15,0.16280675729115804,0.957962965965271,0.08661259015401204,-0.02537038326263428
decreasing_ild,2705,4,keeps_first,10,0.09711272716522217,0.9802777826786041,0.020918560028076173,-0.0030555665493011475
decreasing_ild,2705,4,drops_first,5,0.2941948175430298,0.9133333325386047,0.2180006504058838,-0.07000001668930053
decreasing_ild,2705,5,prefix,1,0.07881291955709457,0.9833333492279053,0.002618752419948578,0.0
decreasing_ild,2705,5,all_masks,6,0.11475557461380959,0.9717592696348826,0.03856140747666359,-0.011574079593022665
decreasing_ild,2705,5,keeps_first,5,0.0831602081656456,0.9822222352027893,0.006966041028499603,-0.0011111140251159669
decreasing_ild,2705,5,drops_first,1,0.2727324068546295,0.9194444417953491,0.19653823971748352,-0.06388890743255615
decreasing_ild,2705,6,prefix,1,0.076194167137146,0.9833333492279053,0.0,0.0
decreasing_ild,2705,6,all_masks,1,0.076194167137146,0.9833333492279053,0.0,0.0
decreasing_ild,2705,6,keeps_first,1,0.076194167137146,0.9833333492279053,0.0,0.0
dense3,2701,1,prefix,1,0.6583400964736938,0.8861111402511597,0.572883278131485,-0.0944443941116333
dense3,2701,1,all_masks,3,0.711684783299764,0.8277777830759684,0.6262279649575552,-0.15277775128682455
dense3,2701,1,keeps_first,1,0.6583400964736938,0.8861111402511597,0.572883278131485,-0.0944443941116333
dense3,2701,1,drops_first,2,0.7383571267127991,0.7986111044883728,0.6529003083705902,-0.18194442987442017
dense3,2701,1,alternating,1,0.5645221471786499,0.8777777552604675,0.47906532883644104,-0.10277777910232544
dense3,2701,2,prefix,1,0.17566950619220734,0.9777777791023254,0.09021268784999847,-0.0027777552604675293
dense3,2701,2,all_masks,3,0.24362890919049582,0.9407407442728678,0.15817209084828696,-0.03981479008992513
dense3,2701,2,keeps_first,2,0.21075113117694855,0.9555555582046509,0.12529431283473969,-0.02499997615814209
dense3,2701,2,drops_first,1,0.30938446521759033,0.9111111164093018,0.22392764687538147,-0.06944441795349121
dense3,2701,2,alternating,1,0.24583275616168976,0.9333333373069763,0.1603759378194809,-0.04722219705581665
dense3,2701,3,prefix,1,0.08545681834220886,0.980555534362793,0.0,0.0
dense3,2701,3,all_masks,1,0.08545681834220886,0.980555534362793,0.0,0.0
dense3,2701,3,keeps_first,1,0.08545681834220886,0.980555534362793,0.0,0.0
dense3,2702,1,prefix,1,0.6056526899337769,0.8722222447395325,0.5233768224716187,-0.11388885974884033
dense3,2702,1,all_masks,3,0.6322252154350281,0.8481481472651163,0.5499493479728699,-0.13796295722325644
dense3,2702,1,keeps_first,1,0.6056526899337769,0.8722222447395325,0.5233768224716187,-0.11388885974884033
dense3,2702,1,drops_first,2,0.6455114781856537,0.8361110985279083,0.5632356107234955,-0.15000000596046448
dense3,2702,1,alternating,1,0.540958046913147,0.875,0.45868217945098877,-0.1111111044883728
dense3,2702,2,prefix,1,0.1650572121143341,0.9777777791023254,0.0827813446521759,-0.008333325386047363
dense3,2702,2,all_masks,3,0.2229698896408081,0.9537037014961243,0.1406940221786499,-0.032407402992248535
dense3,2702,2,keeps_first,2,0.19435472786426544,0.9611110985279083,0.11207886040210724,-0.025000005960464478
dense3,2702,2,drops_first,1,0.28020021319389343,0.9388889074325562,0.19792434573173523,-0.04722219705581665
dense3,2702,2,alternating,1,0.22365224361419678,0.9444444179534912,0.14137637615203857,-0.04166668653488159
dense3,2702,3,prefix,1,0.0822758674621582,0.9861111044883728,0.0,0.0
dense3,2702,3,all_masks,1,0.0822758674621582,0.9861111044883728,0.0,0.0
dense3,2702,3,keeps_first,1,0.0822758674621582,0.9861111044883728,0.0,0.0
dense3,2703,1,prefix,1,0.6013267040252686,0.9166666865348816,0.5084279403090477,-0.06111109256744385
dense3,2703,1,all_masks,3,0.5942018826802572,0.8888888955116272,0.5013031189640363,-0.08888888359069824
dense3,2703,1,keeps_first,1,0.6013267040252686,0.9166666865348816,0.5084279403090477,-0.06111109256744385
dense3,2703,1,drops_first,2,0.5906394720077515,0.875,0.4977407082915306,-0.10277777910232544
dense3,2703,1,alternating,1,0.5605771541595459,0.9055555462837219,0.46767839044332504,-0.07222223281860352
dense3,2703,2,prefix,1,0.16312098503112793,0.9777777791023254,0.07022222131490707,0.0
dense3,2703,2,all_masks,3,0.2203519344329834,0.954629639784495,0.12745317071676254,-0.023148139317830402
dense3,2703,2,keeps_first,2,0.18957391381263733,0.9666666686534882,0.09667515009641647,-0.01111111044883728
dense3,2703,2,drops_first,1,0.28190797567367554,0.9305555820465088,0.18900921195745468,-0.04722219705581665
dense3,2703,2,alternating,1,0.21602684259414673,0.9555555582046509,0.12312807887792587,-0.02222222089767456
dense3,2703,3,prefix,1,0.09289876371622086,0.9777777791023254,0.0,0.0
dense3,2703,3,all_masks,1,0.09289876371622086,0.9777777791023254,0.0,0.0
dense3,2703,3,keeps_first,1,0.09289876371622086,0.9777777791023254,0.0,0.0
dense3,2704,1,prefix,1,0.45990151166915894,0.9305555820465088,0.3822975754737854,-0.055555522441864014
dense3,2704,1,all_masks,3,0.49973615010579425,0.9009259343147278,0.4221322139104207,-0.08518517017364502
dense3,2704,1,keeps_first,1,0.45990151166915894,0.9305555820465088,0.3822975754737854,-0.055555522441864014
dense3,2704,1,drops_first,2,0.5196534693241119,0.8861111104488373,0.4420495331287384,-0.09999999403953552
dense3,2704,1,alternating,1,0.5310211777687073,0.894444465637207,0.45341724157333374,-0.09166663885116577
dense3,2704,2,prefix,1,0.16517721116542816,0.9611111283302307,0.08757327497005463,-0.02499997615814209
dense3,2704,2,all_masks,3,0.21191518008708954,0.9518518646558126,0.134311243891716,-0.03425923983256022
dense3,2704,2,keeps_first,2,0.17420535534620285,0.9652777910232544,0.09660141915082932,-0.020833313465118408
dense3,2704,2,drops_first,1,0.2873348295688629,0.925000011920929,0.20973089337348938,-0.06111109256744385
dense3,2704,2,alternating,1,0.18323349952697754,0.9694444537162781,0.105629563331604,-0.016666650772094727
dense3,2704,3,prefix,1,0.07760393619537354,0.9861111044883728,0.0,0.0
dense3,2704,3,all_masks,1,0.07760393619537354,0.9861111044883728,0.0,0.0
dense3,2704,3,keeps_first,1,0.07760393619537354,0.9861111044883728,0.0,0.0
dense3,2705,1,prefix,1,0.5536549687385559,0.9277777671813965,0.4779450222849846,-0.05833333730697632
dense3,2705,1,all_masks,3,0.5836050510406494,0.8722222248713175,0.5078951045870781,-0.11388887961705525
dense3,2705,1,keeps_first,1,0.5536549687385559,0.9277777671813965,0.4779450222849846,-0.05833333730697632
dense3,2705,1,drops_first,2,0.5985800921916962,0.8444444537162781,0.5228701457381248,-0.14166665077209473
dense3,2705,1,alternating,1,0.5845819711685181,0.8666666746139526,0.5088720247149467,-0.11944442987442017
dense3,2705,2,prefix,1,0.16642145812511444,0.9722222089767456,0.09071151167154312,-0.013888895511627197
dense3,2705,2,all_masks,3,0.2180191626151403,0.9472222328186035,0.14230921616156897,-0.03888887166976929
dense3,2705,2,keeps_first,2,0.16899728029966354,0.9666666686534882,0.09328733384609222,-0.019444435834884644
dense3,2705,2,drops_first,1,0.31606292724609375,0.9083333611488342,0.24035298079252243,-0.07777774333953857
dense3,2705,2,alternating,1,0.17157310247421265,0.9611111283302307,0.09586315602064133,-0.02499997615814209
dense3,2705,3,prefix,1,0.07570994645357132,0.9861111044883728,0.0,0.0
dense3,2705,3,all_masks,1,0.07570994645357132,0.9861111044883728,0.0,0.0
dense3,2705,3,keeps_first,1,0.07570994645357132,0.9861111044883728,0.0,0.0
