phase,treatment,seed,lr,step,minibatch_ce,grad_norm_before_clip,mean_dropout
tuning,dense6,1701,0.0001,1,2.320512533187866,2.8604166507720947,0.0
tuning,dense6,1701,0.0001,100,0.48096853494644165,0.9484246969223022,0.0
tuning,dense6,1701,0.0001,200,0.24767860770225525,0.7317891120910645,0.0
tuning,dense6,1701,0.0001,300,0.09829015284776688,0.4246644675731659,0.0
tuning,dense6,1701,0.0001,400,0.09666669368743896,0.45074498653411865,0.0
tuning,dense6,1701,0.0001,500,0.10229435563087463,0.38753509521484375,0.0
tuning,dense6,1701,0.0001,600,0.07928521931171417,0.31016916036605835,0.0
tuning,dense6,1702,0.0001,1,2.375067949295044,3.115833044052124,0.0
tuning,dense6,1702,0.0001,100,0.45178064703941345,0.9056869149208069,0.0
tuning,dense6,1702,0.0001,200,0.18451333045959473,0.6259106993675232,0.0
tuning,dense6,1702,0.0001,300,0.13620415329933167,0.5581479668617249,0.0
tuning,dense6,1702,0.0001,400,0.0763779953122139,0.38081589341163635,0.0
tuning,dense6,1702,0.0001,500,0.07405845820903778,0.3040246069431305,0.0
tuning,dense6,1702,0.0001,600,0.06696721911430359,0.26243627071380615,0.0
tuning,dense6,1701,0.0003,1,2.320512533187866,2.8604166507720947,0.0
tuning,dense6,1701,0.0003,100,0.1297217607498169,0.5511252880096436,0.0
tuning,dense6,1701,0.0003,200,0.0443272739648819,0.21015404164791107,0.0
tuning,dense6,1701,0.0003,300,0.01867526024580002,0.07538482546806335,0.0
tuning,dense6,1701,0.0003,400,0.01566227152943611,0.06850451976060867,0.0
tuning,dense6,1701,0.0003,500,0.016352497041225433,0.06681979447603226,0.0
tuning,dense6,1701,0.0003,600,0.013596606440842152,0.06020768731832504,0.0
tuning,dense6,1702,0.0003,1,2.375067949295044,3.115833044052124,0.0
tuning,dense6,1702,0.0003,100,0.11137386411428452,0.42587733268737793,0.0
tuning,dense6,1702,0.0003,200,0.033474840223789215,0.14430944621562958,0.0
tuning,dense6,1702,0.0003,300,0.023292386904358864,0.11535834521055222,0.0
tuning,dense6,1702,0.0003,400,0.014361687935888767,0.056435875594615936,0.0
tuning,dense6,1702,0.0003,500,0.01324843242764473,0.049321722239255905,0.0
tuning,dense6,1702,0.0003,600,0.012338725849986076,0.04455925151705742,0.0
tuning,dense6,1701,0.001,1,2.320512533187866,2.8604166507720947,0.0
tuning,dense6,1701,0.001,100,0.020596249029040337,0.2472352385520935,0.0
tuning,dense6,1701,0.001,200,0.005679335445165634,0.02446889504790306,0.0
tuning,dense6,1701,0.001,300,0.0030812215991318226,0.01123932097107172,0.0
tuning,dense6,1701,0.001,400,0.0025771181099116802,0.010149123147130013,0.0
tuning,dense6,1701,0.001,500,0.002309750532731414,0.008978153578937054,0.0
tuning,dense6,1701,0.001,600,0.0020699845626950264,0.00777573324739933,0.0
tuning,dense6,1702,0.001,1,2.375067949295044,3.115833044052124,0.0
tuning,dense6,1702,0.001,100,0.014948846772313118,0.07470586150884628,0.0
tuning,dense6,1702,0.001,200,0.005234130658209324,0.019480079412460327,0.0
tuning,dense6,1702,0.001,300,0.0035134893842041492,0.013833542354404926,0.0
tuning,dense6,1702,0.001,400,0.0024221185594797134,0.008952810429036617,0.0
tuning,dense6,1702,0.001,500,0.0021263305097818375,0.007719396613538265,0.0
tuning,dense6,1702,0.001,600,0.00199492578394711,0.007092105690389872,0.0
tuning,dense6,1701,0.003,1,2.320512533187866,2.8604166507720947,0.0
tuning,dense6,1701,0.003,100,0.055208269506692886,1.0541807413101196,0.0
tuning,dense6,1701,0.003,200,0.0014158743433654308,0.010239923372864723,0.0
tuning,dense6,1701,0.003,300,0.0006755481008440256,0.00468387920409441,0.0
tuning,dense6,1701,0.003,400,0.0005471330950967968,0.0023775093723088503,0.0
tuning,dense6,1701,0.003,500,0.000500508991535753,0.002280349377542734,0.0
tuning,dense6,1701,0.003,600,0.00044755288399755955,0.002018861472606659,0.0
tuning,dense6,1702,0.003,1,2.375067949295044,3.115833044052124,0.0
tuning,dense6,1702,0.003,100,0.004684607032686472,0.076761394739151,0.0
tuning,dense6,1702,0.003,200,0.0008538211113773286,0.0039911940693855286,0.0
tuning,dense6,1702,0.003,300,0.0006568144308403134,0.0030493850354105234,0.0
tuning,dense6,1702,0.003,400,0.00044061720836907625,0.001841639750637114,0.0
tuning,dense6,1702,0.003,500,0.00038843724178150296,0.0017720345640555024,0.0
tuning,dense6,1702,0.003,600,0.0003957663138862699,0.0016844786005094647,0.0
tuning,dense6,1701,0.01,1,2.320512533187866,2.8604166507720947,0.0
tuning,dense6,1701,0.01,100,0.0034227529540657997,0.029593324288725853,0.0
tuning,dense6,1701,0.01,200,0.00216272147372365,0.031446583569049835,0.0
tuning,dense6,1701,0.01,300,0.000163961187354289,0.0007758951978757977,0.0
tuning,dense6,1701,0.01,400,0.0001946937118191272,0.0010629878379404545,0.0
tuning,dense6,1701,0.01,500,0.00017489184392616153,0.001012365915812552,0.0
tuning,dense6,1701,0.01,600,0.00017485744319856167,0.001021465053781867,0.0
tuning,dense6,1702,0.01,1,2.375067949295044,3.115833044052124,0.0
tuning,dense6,1702,0.01,100,0.03563664108514786,0.4073784649372101,0.0
tuning,dense6,1702,0.01,200,0.0984296202659607,0.5571988224983215,0.0
tuning,dense6,1702,0.01,300,0.0005712113343179226,0.004109840840101242,0.0
tuning,dense6,1702,0.01,400,0.00024292507441714406,0.0012475820258259773,0.0
tuning,dense6,1702,0.01,500,0.00016873532149475068,0.0008167796186171472,0.0
tuning,dense6,1702,0.01,600,0.0001944548130268231,0.0012461841106414795,0.0
tuning,constant_ild,1701,0.0001,1,2.3204505443573,2.651733875274658,0.20000000000000004
tuning,constant_ild,1701,0.0001,100,0.6292850971221924,1.0357309579849243,0.20000000000000004
tuning,constant_ild,1701,0.0001,200,0.35182058811187744,0.772118330001831,0.20000000000000004
tuning,constant_ild,1701,0.0001,300,0.16563726961612701,0.5220030546188354,0.20000000000000004
tuning,constant_ild,1701,0.0001,400,0.15553344786167145,0.613639771938324,0.20000000000000004
tuning,constant_ild,1701,0.0001,500,0.18013925850391388,0.8121904134750366,0.20000000000000004
tuning,constant_ild,1701,0.0001,600,0.13727091252803802,0.5626893639564514,0.20000000000000004
tuning,constant_ild,1702,0.0001,1,2.339517593383789,2.9020886421203613,0.20000000000000004
tuning,constant_ild,1702,0.0001,100,0.5645827651023865,1.0392162799835205,0.20000000000000004
tuning,constant_ild,1702,0.0001,200,0.28474923968315125,0.7349197864532471,0.20000000000000004
tuning,constant_ild,1702,0.0001,300,0.2273300588130951,0.7509627342224121,0.20000000000000004
tuning,constant_ild,1702,0.0001,400,0.13401369750499725,0.6144475936889648,0.20000000000000004
tuning,constant_ild,1702,0.0001,500,0.11176852136850357,0.4738594889640808,0.20000000000000004
tuning,constant_ild,1702,0.0001,600,0.11932646483182907,0.4856787919998169,0.20000000000000004
tuning,constant_ild,1701,0.0003,1,2.3204505443573,2.651733875274658,0.20000000000000004
tuning,constant_ild,1701,0.0003,100,0.18983206152915955,0.7031015157699585,0.20000000000000004
tuning,constant_ild,1701,0.0003,200,0.08562871068716049,0.44912946224212646,0.20000000000000004
tuning,constant_ild,1701,0.0003,300,0.03280886262655258,0.183649942278862,0.20000000000000004
tuning,constant_ild,1701,0.0003,400,0.022378403693437576,0.11507195234298706,0.20000000000000004
tuning,constant_ild,1701,0.0003,500,0.027162104845046997,0.3851519227027893,0.20000000000000004
tuning,constant_ild,1701,0.0003,600,0.020782047882676125,0.11730042845010757,0.20000000000000004
tuning,constant_ild,1702,0.0003,1,2.339517593383789,2.9020886421203613,0.20000000000000004
tuning,constant_ild,1702,0.0003,100,0.15828999876976013,0.46460041403770447,0.20000000000000004
tuning,constant_ild,1702,0.0003,200,0.06004136800765991,0.28485262393951416,0.20000000000000004
tuning,constant_ild,1702,0.0003,300,0.04245565086603165,0.2566879689693451,0.20000000000000004
tuning,constant_ild,1702,0.0003,400,0.02113267220556736,0.15865257382392883,0.20000000000000004
tuning,constant_ild,1702,0.0003,500,0.0173262320458889,0.12899991869926453,0.20000000000000004
tuning,constant_ild,1702,0.0003,600,0.020647086203098297,0.20324115455150604,0.20000000000000004
tuning,constant_ild,1701,0.001,1,2.3204505443573,2.651733875274658,0.20000000000000004
tuning,constant_ild,1701,0.001,100,0.03759287670254707,0.6073770523071289,0.20000000000000004
tuning,constant_ild,1701,0.001,200,0.009102430194616318,0.061692409217357635,0.20000000000000004
tuning,constant_ild,1701,0.001,300,0.004135581199079752,0.025530369952321053,0.20000000000000004
tuning,constant_ild,1701,0.001,400,0.002991151763126254,0.019231395795941353,0.20000000000000004
tuning,constant_ild,1701,0.001,500,0.0034328706096857786,0.033267319202423096,0.20000000000000004
tuning,constant_ild,1701,0.001,600,0.0024563383776694536,0.012021671049296856,0.20000000000000004
tuning,constant_ild,1702,0.001,1,2.339517593383789,2.9020886421203613,0.20000000000000004
tuning,constant_ild,1702,0.001,100,0.023840680718421936,0.15169955790042877,0.20000000000000004
tuning,constant_ild,1702,0.001,200,0.007972661405801773,0.04488130286335945,0.20000000000000004
tuning,constant_ild,1702,0.001,300,0.005715345963835716,0.05961458012461662,0.20000000000000004
tuning,constant_ild,1702,0.001,400,0.0026458241045475006,0.012174797244369984,0.20000000000000004
tuning,constant_ild,1702,0.001,500,0.002246151678264141,0.014673156663775444,0.20000000000000004
tuning,constant_ild,1702,0.001,600,0.002516411244869232,0.01773018203675747,0.20000000000000004
tuning,constant_ild,1701,0.003,1,2.3204505443573,2.651733875274658,0.20000000000000004
tuning,constant_ild,1701,0.003,100,0.07250574231147766,0.808344304561615,0.20000000000000004
tuning,constant_ild,1701,0.003,200,0.00173755397554487,0.01537078432738781,0.20000000000000004
tuning,constant_ild,1701,0.003,300,0.0007992652826942503,0.0066637443378567696,0.20000000000000004
tuning,constant_ild,1701,0.003,400,0.0005931321647949517,0.0032317915465682745,0.20000000000000004
tuning,constant_ild,1701,0.003,500,0.0006211930885910988,0.004812292288988829,0.20000000000000004
tuning,constant_ild,1701,0.003,600,0.0004807111108675599,0.002409225096926093,0.20000000000000004
tuning,constant_ild,1702,0.003,1,2.339517593383789,2.9020886421203613,0.20000000000000004
tuning,constant_ild,1702,0.003,100,0.026536447927355766,0.6364030241966248,0.20000000000000004
tuning,constant_ild,1702,0.003,200,0.004166088532656431,0.045985374599695206,0.20000000000000004
tuning,constant_ild,1702,0.003,300,0.0013003157218918204,0.012514936737716198,0.20000000000000004
tuning,constant_ild,1702,0.003,400,0.0005212268442846835,0.004686008673161268,0.20000000000000004
tuning,constant_ild,1702,0.003,500,0.000389786931918934,0.0027164844796061516,0.20000000000000004
tuning,constant_ild,1702,0.003,600,0.0004144842969253659,0.002092338167130947,0.20000000000000004
tuning,constant_ild,1701,0.01,1,2.3204505443573,2.651733875274658,0.20000000000000004
tuning,constant_ild,1701,0.01,100,0.02868834137916565,0.2943466007709503,0.20000000000000004
tuning,constant_ild,1701,0.01,200,0.0013018280733376741,0.01145116426050663,0.20000000000000004
tuning,constant_ild,1701,0.01,300,0.0002357705234317109,0.001830914057791233,0.20000000000000004
tuning,constant_ild,1701,0.01,400,0.00021551395184360445,0.0013306414475664496,0.20000000000000004
tuning,constant_ild,1701,0.01,500,0.00021709273278247565,0.0015483865281566978,0.20000000000000004
tuning,constant_ild,1701,0.01,600,0.00022497380268760026,0.0025766605976969004,0.20000000000000004
tuning,constant_ild,1702,0.01,1,2.339517593383789,2.9020886421203613,0.20000000000000004
tuning,constant_ild,1702,0.01,100,0.003050662809982896,0.04035184532403946,0.20000000000000004
tuning,constant_ild,1702,0.01,200,0.001300933538004756,0.01440559234470129,0.20000000000000004
tuning,constant_ild,1702,0.01,300,0.0003042556345462799,0.003579417709261179,0.20000000000000004
tuning,constant_ild,1702,0.01,400,0.0001487046538386494,0.0007919255876913667,0.20000000000000004
tuning,constant_ild,1702,0.01,500,0.0001244702289113775,0.0007774426485411823,0.20000000000000004
tuning,constant_ild,1702,0.01,600,0.00013091022265143692,0.000699119467753917,0.20000000000000004
tuning,decreasing_ild,1701,0.0001,1,2.3152623176574707,2.3890206813812256,0.4000000000000001
tuning,decreasing_ild,1701,0.0001,100,0.7379781603813171,1.1255854368209839,0.333889816360601
tuning,decreasing_ild,1701,0.0001,200,0.38477250933647156,0.7696576714515686,0.26711185308848084
tuning,decreasing_ild,1701,0.0001,300,0.17051970958709717,0.5289129018783569,0.2003338898163606
tuning,decreasing_ild,1701,0.0001,400,0.16779759526252747,0.6590937376022339,0.13355592654424042
tuning,decreasing_ild,1701,0.0001,500,0.1527908444404602,0.5507444739341736,0.06677796327212021
tuning,decreasing_ild,1701,0.0001,600,0.10498424619436264,0.4277559518814087,0.0
tuning,decreasing_ild,1702,0.0001,1,2.3157026767730713,2.578734874725342,0.4000000000000001
tuning,decreasing_ild,1702,0.0001,100,0.6845811009407043,1.1488361358642578,0.333889816360601
tuning,decreasing_ild,1702,0.0001,200,0.31451794505119324,0.7434771656990051,0.26711185308848084
tuning,decreasing_ild,1702,0.0001,300,0.23865950107574463,0.7542669773101807,0.2003338898163606
tuning,decreasing_ild,1702,0.0001,400,0.13926446437835693,0.6309911012649536,0.13355592654424042
tuning,decreasing_ild,1702,0.0001,500,0.1022290512919426,0.40793052315711975,0.06677796327212021
tuning,decreasing_ild,1702,0.0001,600,0.08839510381221771,0.37246301770210266,0.0
tuning,decreasing_ild,1701,0.0003,1,2.3152623176574707,2.3890206813812256,0.4000000000000001
tuning,decreasing_ild,1701,0.0003,100,0.22986678779125214,0.7132425308227539,0.333889816360601
tuning,decreasing_ild,1701,0.0003,200,0.10397396981716156,0.46304383873939514,0.26711185308848084
tuning,decreasing_ild,1701,0.0003,300,0.031535521149635315,0.16242876648902893,0.2003338898163606
tuning,decreasing_ild,1701,0.0003,400,0.022183828055858612,0.12487426400184631,0.13355592654424042
tuning,decreasing_ild,1701,0.0003,500,0.020743301138281822,0.09038881957530975,0.06677796327212021
tuning,decreasing_ild,1701,0.0003,600,0.015728412196040154,0.07657884061336517,0.0
tuning,decreasing_ild,1702,0.0003,1,2.3157026767730713,2.578734874725342,0.4000000000000001
tuning,decreasing_ild,1702,0.0003,100,0.19777294993400574,0.5399161577224731,0.333889816360601
tuning,decreasing_ild,1702,0.0003,200,0.0640304759144783,0.30777236819267273,0.26711185308848084
tuning,decreasing_ild,1702,0.0003,300,0.04368571937084198,0.25561341643333435,0.2003338898163606
tuning,decreasing_ild,1702,0.0003,400,0.021571239456534386,0.1492292881011963,0.13355592654424042
tuning,decreasing_ild,1702,0.0003,500,0.014966612681746483,0.0707414299249649,0.06677796327212021
tuning,decreasing_ild,1702,0.0003,600,0.013773106038570404,0.058197297155857086,0.0
tuning,decreasing_ild,1701,0.001,1,2.3152623176574707,2.3890206813812256,0.4000000000000001
tuning,decreasing_ild,1701,0.001,100,0.04932098463177681,0.6302149295806885,0.333889816360601
tuning,decreasing_ild,1701,0.001,200,0.010400436818599701,0.08301278948783875,0.26711185308848084
tuning,decreasing_ild,1701,0.001,300,0.003985421732068062,0.023397445678710938,0.2003338898163606
tuning,decreasing_ild,1701,0.001,400,0.0028229444287717342,0.01604962907731533,0.13355592654424042
tuning,decreasing_ild,1701,0.001,500,0.0026086026336997747,0.014237230643630028,0.06677796327212021
tuning,decreasing_ild,1701,0.001,600,0.0020302145276218653,0.008307544514536858,0.0
tuning,decreasing_ild,1702,0.001,1,2.3157026767730713,2.578734874725342,0.4000000000000001
tuning,decreasing_ild,1702,0.001,100,0.0288807675242424,0.2463541179895401,0.333889816360601
tuning,decreasing_ild,1702,0.001,200,0.00757791381329298,0.04090839624404907,0.26711185308848084
tuning,decreasing_ild,1702,0.001,300,0.005381427239626646,0.047197796404361725,0.2003338898163606
tuning,decreasing_ild,1702,0.001,400,0.0027737910859286785,0.015115096233785152,0.13355592654424042
tuning,decreasing_ild,1702,0.001,500,0.0020254431292414665,0.008395283482968807,0.06677796327212021
tuning,decreasing_ild,1702,0.001,600,0.002004903508350253,0.007997862994670868,0.0
tuning,decreasing_ild,1701,0.003,1,2.3152623176574707,2.3890206813812256,0.4000000000000001
tuning,decreasing_ild,1701,0.003,100,0.020791370421648026,0.4715672433376312,0.333889816360601
tuning,decreasing_ild,1701,0.003,200,0.0022578916978091,0.025624098256230354,0.26711185308848084
tuning,decreasing_ild,1701,0.003,300,0.000804202863946557,0.006545874755829573,0.2003338898163606
tuning,decreasing_ild,1701,0.003,400,0.0005237762816250324,0.002755475230515003,0.13355592654424042
tuning,decreasing_ild,1701,0.003,500,0.00046942909830249846,0.002328993286937475,0.06677796327212021
tuning,decreasing_ild,1701,0.003,600,0.0003770917537622154,0.0015912755625322461,0.0
tuning,decreasing_ild,1702,0.003,1,2.3157026767730713,2.578734874725342,0.4000000000000001
tuning,decreasing_ild,1702,0.003,100,0.003328960854560137,0.03949638456106186,0.333889816360601
tuning,decreasing_ild,1702,0.003,200,0.0011104835430160165,0.006125743500888348,0.26711185308848084
tuning,decreasing_ild,1702,0.003,300,0.0010148835135623813,0.012025185860693455,0.2003338898163606
tuning,decreasing_ild,1702,0.003,400,0.0004629039322026074,0.003130714176222682,0.13355592654424042
tuning,decreasing_ild,1702,0.003,500,0.00034123173099942505,0.0014826753176748753,0.06677796327212021
tuning,decreasing_ild,1702,0.003,600,0.00033323458046652377,0.001461565145291388,0.0
tuning,decreasing_ild,1701,0.01,1,2.3152623176574707,2.3890206813812256,0.4000000000000001
tuning,decreasing_ild,1701,0.01,100,0.014329925179481506,0.1799253523349762,0.333889816360601
tuning,decreasing_ild,1701,0.01,200,0.002365066669881344,0.030511237680912018,0.26711185308848084
tuning,decreasing_ild,1701,0.01,300,0.00016014614084269851,0.0009460087167099118,0.2003338898163606
tuning,decreasing_ild,1701,0.01,400,0.0003087341319769621,0.0026467922143638134,0.13355592654424042
tuning,decreasing_ild,1701,0.01,500,0.00015978692681528628,0.0009588582906872034,0.06677796327212021
tuning,decreasing_ild,1701,0.01,600,0.00010112742893397808,0.0005294237635098398,0.0
tuning,decreasing_ild,1702,0.01,1,2.3157026767730713,2.578734874725342,0.4000000000000001
tuning,decreasing_ild,1702,0.01,100,0.0393664613366127,0.3386482298374176,0.333889816360601
tuning,decreasing_ild,1702,0.01,200,0.0005387238343246281,0.004814621992409229,0.26711185308848084
tuning,decreasing_ild,1702,0.01,300,0.0002994851383846253,0.0025138261262327433,0.2003338898163606
tuning,decreasing_ild,1702,0.01,400,0.00015326784341596067,0.0009635776514187455,0.13355592654424042
tuning,decreasing_ild,1702,0.01,500,0.00011760151392081752,0.0006772628985345364,0.06677796327212021
tuning,decreasing_ild,1702,0.01,600,0.00010565638513071463,0.0005869907326996326,0.0
tuning,dense3,1701,0.0001,1,2.3479554653167725,2.652041435241699,0.0
tuning,dense3,1701,0.0001,100,0.7167273163795471,1.1043665409088135,0.0
tuning,dense3,1701,0.0001,200,0.38128551840782166,0.7147030830383301,0.0
tuning,dense3,1701,0.0001,300,0.17891603708267212,0.5914777517318726,0.0
tuning,dense3,1701,0.0001,400,0.2026088982820511,0.6879829168319702,0.0
tuning,dense3,1701,0.0001,500,0.1988745927810669,0.6484295129776001,0.0
tuning,dense3,1701,0.0001,600,0.14032649993896484,0.5435437560081482,0.0
tuning,dense3,1702,0.0001,1,2.296687602996826,2.848489761352539,0.0
tuning,dense3,1702,0.0001,100,0.6665769815444946,1.0869829654693604,0.0
tuning,dense3,1702,0.0001,200,0.31870442628860474,0.7230779528617859,0.0
tuning,dense3,1702,0.0001,300,0.2426750659942627,0.7521715760231018,0.0
tuning,dense3,1702,0.0001,400,0.15034639835357666,0.6296560764312744,0.0
tuning,dense3,1702,0.0001,500,0.12839168310165405,0.4621522128582001,0.0
tuning,dense3,1702,0.0001,600,0.12026536464691162,0.46510791778564453,0.0
tuning,dense3,1701,0.0003,1,2.3479554653167725,2.652041435241699,0.0
tuning,dense3,1701,0.0003,100,0.20212577283382416,0.5582906007766724,0.0
tuning,dense3,1701,0.0003,200,0.09440678358078003,0.44868528842926025,0.0
tuning,dense3,1701,0.0003,300,0.027705885469913483,0.1384943574666977,0.0
tuning,dense3,1701,0.0003,400,0.02414826489984989,0.12410411238670349,0.0
tuning,dense3,1701,0.0003,500,0.02747584693133831,0.12215197086334229,0.0
tuning,dense3,1701,0.0003,600,0.02048981934785843,0.10409054160118103,0.0
tuning,dense3,1702,0.0003,1,2.296687602996826,2.848489761352539,0.0
tuning,dense3,1702,0.0003,100,0.18034741282463074,0.4516447186470032,0.0
tuning,dense3,1702,0.0003,200,0.055095940828323364,0.2452833652496338,0.0
tuning,dense3,1702,0.0003,300,0.04011387750506401,0.21030043065547943,0.0
tuning,dense3,1702,0.0003,400,0.02021647058427334,0.10100240260362625,0.0
tuning,dense3,1702,0.0003,500,0.017648639157414436,0.0788196325302124,0.0
tuning,dense3,1702,0.0003,600,0.0167190283536911,0.07396707683801651,0.0
tuning,dense3,1701,0.001,1,2.3479554653167725,2.652041435241699,0.0
tuning,dense3,1701,0.001,100,0.038300275802612305,0.4244629740715027,0.0
tuning,dense3,1701,0.001,200,0.007859424687922001,0.046072594821453094,0.0
tuning,dense3,1701,0.001,300,0.003616691567003727,0.017842847853899002,0.0
tuning,dense3,1701,0.001,400,0.003037337912246585,0.014504339545965195,0.0
tuning,dense3,1701,0.001,500,0.0029042691458016634,0.013992346823215485,0.0
tuning,dense3,1701,0.001,600,0.002413760405033827,0.010637622326612473,0.0
tuning,dense3,1702,0.001,1,2.296687602996826,2.848489761352539,0.0
tuning,dense3,1702,0.001,100,0.02246198058128357,0.11709963530302048,0.0
tuning,dense3,1702,0.001,200,0.006642966065555811,0.02804594114422798,0.0
tuning,dense3,1702,0.001,300,0.0046549709513783455,0.02309882640838623,0.0
tuning,dense3,1702,0.001,400,0.0028462631162256002,0.012840823270380497,0.0
tuning,dense3,1702,0.001,500,0.002391291782259941,0.009950161911547184,0.0
tuning,dense3,1702,0.001,600,0.002337756799533963,0.009515668265521526,0.0
tuning,dense3,1701,0.003,1,2.3479554653167725,2.652041435241699,0.0
tuning,dense3,1701,0.003,100,0.0048752399161458015,0.05740910395979881,0.0
tuning,dense3,1701,0.003,200,0.0012361528351902962,0.007777146529406309,0.0
tuning,dense3,1701,0.003,300,0.0006685308180749416,0.0040438491851091385,0.0
tuning,dense3,1701,0.003,400,0.0005695700529031456,0.00278271920979023,0.0
tuning,dense3,1701,0.003,500,0.0005313170258887112,0.002766744466498494,0.0
tuning,dense3,1701,0.003,600,0.0004675558302551508,0.002174736000597477,0.0
tuning,dense3,1702,0.003,1,2.296687602996826,2.848489761352539,0.0
tuning,dense3,1702,0.003,100,0.004405599553138018,0.21918952465057373,0.0
tuning,dense3,1702,0.003,200,0.0010945304529741406,0.005824099760502577,0.0
tuning,dense3,1702,0.003,300,0.00078593660145998,0.004107523709535599,0.0
tuning,dense3,1702,0.003,400,0.0005284738726913929,0.0027018142864108086,0.0
tuning,dense3,1702,0.003,500,0.00041548360604792833,0.0017250770470127463,0.0
tuning,dense3,1702,0.003,600,0.0004302547313272953,0.0020400905050337315,0.0
tuning,dense3,1701,0.01,1,2.3479554653167725,2.652041435241699,0.0
tuning,dense3,1701,0.01,100,0.02519567869603634,0.3408266305923462,0.0
tuning,dense3,1701,0.01,200,0.020219208672642708,0.4790273606777191,0.0
tuning,dense3,1701,0.01,300,0.00041255366522818804,0.006789759732782841,0.0
tuning,dense3,1701,0.01,400,0.00025290343910455704,0.001882666489109397,0.0
tuning,dense3,1701,0.01,500,0.0002056397352134809,0.001368263503536582,0.0
tuning,dense3,1701,0.01,600,0.00017093819042202085,0.0011902933474630117,0.0
tuning,dense3,1702,0.01,1,2.296687602996826,2.848489761352539,0.0
tuning,dense3,1702,0.01,100,0.017567923292517662,0.22962097823619843,0.0
tuning,dense3,1702,0.01,200,0.023664565756917,0.29608967900276184,0.0
tuning,dense3,1702,0.01,300,0.00021370356262195855,0.0016007816884666681,0.0
tuning,dense3,1702,0.01,400,0.00014822461525909603,0.0010971464216709137,0.0
tuning,dense3,1702,0.01,500,0.00010896273306570947,0.0006907212664373219,0.0
tuning,dense3,1702,0.01,600,0.00011731476115528494,0.0007160413661040366,0.0
evaluation,dense6,2701,0.0003,1,2.482043981552124,2.983363151550293,0.0
evaluation,dense6,2701,0.0003,100,0.09596309810876846,0.4808778762817383,0.0
evaluation,dense6,2701,0.0003,200,0.03272188827395439,0.12463779747486115,0.0
evaluation,dense6,2701,0.0003,300,0.021614879369735718,0.08438637852668762,0.0
evaluation,dense6,2701,0.0003,400,0.020328769460320473,0.09945762157440186,0.0
evaluation,dense6,2701,0.0003,500,0.013889485970139503,0.05245259404182434,0.0
evaluation,dense6,2701,0.0003,600,0.011854230426251888,0.04138517752289772,0.0
evaluation,constant_ild,2701,0.0003,1,2.4800379276275635,2.8207085132598877,0.20000000000000004
evaluation,constant_ild,2701,0.0003,100,0.1460195928812027,0.4882661700248718,0.20000000000000004
evaluation,constant_ild,2701,0.0003,200,0.05388156697154045,0.24235454201698303,0.20000000000000004
evaluation,constant_ild,2701,0.0003,300,0.030302684754133224,0.14184172451496124,0.20000000000000004
evaluation,constant_ild,2701,0.0003,400,0.026948751881718636,0.1871507465839386,0.20000000000000004
evaluation,constant_ild,2701,0.0003,500,0.023511232808232307,0.22581100463867188,0.20000000000000004
evaluation,constant_ild,2701,0.0003,600,0.018156759440898895,0.08526068925857544,0.20000000000000004
evaluation,decreasing_ild,2701,0.0003,1,2.5065417289733887,2.5517425537109375,0.4000000000000001
evaluation,decreasing_ild,2701,0.0003,100,0.17935562133789062,0.5363372564315796,0.333889816360601
evaluation,decreasing_ild,2701,0.0003,200,0.06152915209531784,0.2687254846096039,0.26711185308848084
evaluation,decreasing_ild,2701,0.0003,300,0.03237217292189598,0.15033499896526337,0.2003338898163606
evaluation,decreasing_ild,2701,0.0003,400,0.023705847561359406,0.11053714901208878,0.13355592654424042
evaluation,decreasing_ild,2701,0.0003,500,0.01685730554163456,0.07071904838085175,0.06677796327212021
evaluation,decreasing_ild,2701,0.0003,600,0.0133047541603446,0.04851990193128586,0.0
evaluation,dense3,2701,0.0003,1,2.481807231903076,2.7425105571746826,0.0
evaluation,dense3,2701,0.0003,100,0.1658170223236084,0.5124736428260803,0.0
evaluation,dense3,2701,0.0003,200,0.05239744111895561,0.2129482626914978,0.0
evaluation,dense3,2701,0.0003,300,0.032592687755823135,0.14118921756744385,0.0
evaluation,dense3,2701,0.0003,400,0.02899419702589512,0.13512670993804932,0.0
evaluation,dense3,2701,0.0003,500,0.019755836576223373,0.08822733908891678,0.0
evaluation,dense3,2701,0.0003,600,0.01583498902618885,0.06346283853054047,0.0
evaluation,dense6,2702,0.0003,1,2.465440034866333,2.8870158195495605,0.0
evaluation,dense6,2702,0.0003,100,0.10448944568634033,0.45286399126052856,0.0
evaluation,dense6,2702,0.0003,200,0.03418984264135361,0.1334904134273529,0.0
evaluation,dense6,2702,0.0003,300,0.021269120275974274,0.08874368667602539,0.0
evaluation,dense6,2702,0.0003,400,0.016017965972423553,0.06400883942842484,0.0
evaluation,dense6,2702,0.0003,500,0.015282543376088142,0.08120512217283249,0.0
evaluation,dense6,2702,0.0003,600,0.012326724827289581,0.04788058251142502,0.0
evaluation,constant_ild,2702,0.0003,1,2.4322474002838135,2.7720680236816406,0.20000000000000004
evaluation,constant_ild,2702,0.0003,100,0.176286518573761,0.650955855846405,0.20000000000000004
evaluation,constant_ild,2702,0.0003,200,0.05135132372379303,0.2074834257364273,0.20000000000000004
evaluation,constant_ild,2702,0.0003,300,0.03783006966114044,0.1904059201478958,0.20000000000000004
evaluation,constant_ild,2702,0.0003,400,0.02817193977534771,0.15984638035297394,0.20000000000000004
evaluation,constant_ild,2702,0.0003,500,0.02359304577112198,0.11571681499481201,0.20000000000000004
evaluation,constant_ild,2702,0.0003,600,0.018003100529313087,0.08645016700029373,0.20000000000000004
evaluation,decreasing_ild,2702,0.0003,1,2.461507558822632,2.5465314388275146,0.4000000000000001
evaluation,decreasing_ild,2702,0.0003,100,0.2225174605846405,0.7164952754974365,0.333889816360601
evaluation,decreasing_ild,2702,0.0003,200,0.06112692877650261,0.2988777458667755,0.26711185308848084
evaluation,decreasing_ild,2702,0.0003,300,0.03871508687734604,0.2100946456193924,0.2003338898163606
evaluation,decreasing_ild,2702,0.0003,400,0.024387605488300323,0.14474745094776154,0.13355592654424042
evaluation,decreasing_ild,2702,0.0003,500,0.020028453320264816,0.10675553232431412,0.06677796327212021
evaluation,decreasing_ild,2702,0.0003,600,0.014740637503564358,0.06496874243021011,0.0
evaluation,dense3,2702,0.0003,1,2.4332332611083984,2.6218717098236084,0.0
evaluation,dense3,2702,0.0003,100,0.19878756999969482,0.6683990955352783,0.0
evaluation,dense3,2702,0.0003,200,0.06225491687655449,0.2757464349269867,0.0
evaluation,dense3,2702,0.0003,300,0.033082265406847,0.16566972434520721,0.0
evaluation,dense3,2702,0.0003,400,0.024320412427186966,0.11359944939613342,0.0
evaluation,dense3,2702,0.0003,500,0.02493588626384735,0.15287581086158752,0.0
evaluation,dense3,2702,0.0003,600,0.017985301092267036,0.08256134390830994,0.0
evaluation,dense6,2703,0.0003,1,2.657728433609009,3.3017101287841797,0.0
evaluation,dense6,2703,0.0003,100,0.11722751706838608,0.41004040837287903,0.0
evaluation,dense6,2703,0.0003,200,0.03582087531685829,0.1819583773612976,0.0
evaluation,dense6,2703,0.0003,300,0.02295355498790741,0.11172503232955933,0.0
evaluation,dense6,2703,0.0003,400,0.01657795161008835,0.09573832899332047,0.0
evaluation,dense6,2703,0.0003,500,0.015253027901053429,0.06190718710422516,0.0
evaluation,dense6,2703,0.0003,600,0.01388965267688036,0.07122920453548431,0.0
evaluation,constant_ild,2703,0.0003,1,2.6255762577056885,3.047384738922119,0.20000000000000004
evaluation,constant_ild,2703,0.0003,100,0.1654130071401596,0.47917407751083374,0.20000000000000004
evaluation,constant_ild,2703,0.0003,200,0.08391577750444412,0.440101683139801,0.20000000000000004
evaluation,constant_ild,2703,0.0003,300,0.04456114396452904,0.3361014127731323,0.20000000000000004
evaluation,constant_ild,2703,0.0003,400,0.023427076637744904,0.15974292159080505,0.20000000000000004
evaluation,constant_ild,2703,0.0003,500,0.02023915760219097,0.09021660685539246,0.20000000000000004
evaluation,constant_ild,2703,0.0003,600,0.017666220664978027,0.08843433111906052,0.20000000000000004
evaluation,decreasing_ild,2703,0.0003,1,2.592038869857788,2.6138482093811035,0.4000000000000001
evaluation,decreasing_ild,2703,0.0003,100,0.20928752422332764,0.533767819404602,0.333889816360601
evaluation,decreasing_ild,2703,0.0003,200,0.09796915203332901,0.48189353942871094,0.26711185308848084
evaluation,decreasing_ild,2703,0.0003,300,0.043914977461099625,0.31240135431289673,0.2003338898163606
evaluation,decreasing_ild,2703,0.0003,400,0.022205643355846405,0.17254628241062164,0.13355592654424042
evaluation,decreasing_ild,2703,0.0003,500,0.01786334253847599,0.0760483518242836,0.06677796327212021
evaluation,decreasing_ild,2703,0.0003,600,0.015373120084404945,0.08714120090007782,0.0
evaluation,dense3,2703,0.0003,1,2.612584352493286,2.875746726989746,0.0
evaluation,dense3,2703,0.0003,100,0.19558356702327728,0.5194666981697083,0.0
evaluation,dense3,2703,0.0003,200,0.07603365182876587,0.5159891843795776,0.0
evaluation,dense3,2703,0.0003,300,0.03802933916449547,0.2210320383310318,0.0
evaluation,dense3,2703,0.0003,400,0.027384888380765915,0.2391548752784729,0.0
evaluation,dense3,2703,0.0003,500,0.02196505293250084,0.0989609807729721,0.0
evaluation,dense3,2703,0.0003,600,0.021262705326080322,0.1315569430589676,0.0
evaluation,dense6,2704,0.0003,1,2.329752206802368,3.1347103118896484,0.0
evaluation,dense6,2704,0.0003,100,0.10471808165311813,0.38685113191604614,0.0
evaluation,dense6,2704,0.0003,200,0.06623619049787521,0.22235436737537384,0.0
evaluation,dense6,2704,0.0003,300,0.019504336640238762,0.07743920385837555,0.0
evaluation,dense6,2704,0.0003,400,0.013358347117900848,0.05088921636343002,0.0
evaluation,dense6,2704,0.0003,500,0.013450320810079575,0.05029992759227753,0.0
evaluation,dense6,2704,0.0003,600,0.012598113156855106,0.05521790310740471,0.0
evaluation,constant_ild,2704,0.0003,1,2.3181111812591553,2.9016425609588623,0.20000000000000004
evaluation,constant_ild,2704,0.0003,100,0.16137975454330444,0.5252470374107361,0.20000000000000004
evaluation,constant_ild,2704,0.0003,200,0.08362376689910889,0.2959313690662384,0.20000000000000004
evaluation,constant_ild,2704,0.0003,300,0.036570969969034195,0.17824257910251617,0.20000000000000004
evaluation,constant_ild,2704,0.0003,400,0.01700962707400322,0.07570100575685501,0.20000000000000004
evaluation,constant_ild,2704,0.0003,500,0.022643020376563072,0.12182030826807022,0.20000000000000004
evaluation,constant_ild,2704,0.0003,600,0.021022219210863113,0.23171043395996094,0.20000000000000004
evaluation,decreasing_ild,2704,0.0003,1,2.267300844192505,2.6823716163635254,0.4000000000000001
evaluation,decreasing_ild,2704,0.0003,100,0.20362061262130737,0.6069772243499756,0.333889816360601
evaluation,decreasing_ild,2704,0.0003,200,0.09290546923875809,0.3090774714946747,0.26711185308848084
evaluation,decreasing_ild,2704,0.0003,300,0.03540569543838501,0.16951973736286163,0.2003338898163606
evaluation,decreasing_ild,2704,0.0003,400,0.016648823395371437,0.06942997872829437,0.13355592654424042
evaluation,decreasing_ild,2704,0.0003,500,0.01863938756287098,0.09117311984300613,0.06677796327212021
evaluation,decreasing_ild,2704,0.0003,600,0.014447272755205631,0.07194063812494278,0.0
evaluation,dense3,2704,0.0003,1,2.237905740737915,2.874450922012329,0.0
evaluation,dense3,2704,0.0003,100,0.17349807918071747,0.5165038108825684,0.0
evaluation,dense3,2704,0.0003,200,0.09106137603521347,0.29341283440589905,0.0
evaluation,dense3,2704,0.0003,300,0.029902638867497444,0.14670342206954956,0.0
evaluation,dense3,2704,0.0003,400,0.018809255212545395,0.08678172528743744,0.0
evaluation,dense3,2704,0.0003,500,0.0185545701533556,0.07737185806035995,0.0
evaluation,dense3,2704,0.0003,600,0.01850799284875393,0.10669978708028793,0.0
evaluation,dense6,2705,0.0003,1,2.395702838897705,3.0720202922821045,0.0
evaluation,dense6,2705,0.0003,100,0.0874967947602272,0.3639245331287384,0.0
evaluation,dense6,2705,0.0003,200,0.036198846995830536,0.16613924503326416,0.0
evaluation,dense6,2705,0.0003,300,0.01879279501736164,0.07999855279922485,0.0
evaluation,dense6,2705,0.0003,400,0.015446270816028118,0.0669173151254654,0.0
evaluation,dense6,2705,0.0003,500,0.013203293085098267,0.04917038232088089,0.0
evaluation,dense6,2705,0.0003,600,0.011279696598649025,0.04144611582159996,0.0
evaluation,constant_ild,2705,0.0003,1,2.4267501831054688,2.8684241771698,0.20000000000000004
evaluation,constant_ild,2705,0.0003,100,0.1438438445329666,0.5120996832847595,0.20000000000000004
evaluation,constant_ild,2705,0.0003,200,0.0532604418694973,0.25569209456443787,0.20000000000000004
evaluation,constant_ild,2705,0.0003,300,0.028393197804689407,0.17918287217617035,0.20000000000000004
evaluation,constant_ild,2705,0.0003,400,0.022298133000731468,0.11422880738973618,0.20000000000000004
evaluation,constant_ild,2705,0.0003,500,0.0197911374270916,0.12477006018161774,0.20000000000000004
evaluation,constant_ild,2705,0.0003,600,0.013451802544295788,0.05273493006825447,0.20000000000000004
evaluation,decreasing_ild,2705,0.0003,1,2.3913967609405518,2.5935440063476562,0.4000000000000001
evaluation,decreasing_ild,2705,0.0003,100,0.17929621040821075,0.5963373184204102,0.333889816360601
evaluation,decreasing_ild,2705,0.0003,200,0.061033811420202255,0.32985734939575195,0.26711185308848084
evaluation,decreasing_ild,2705,0.0003,300,0.029053054749965668,0.17711439728736877,0.2003338898163606
evaluation,decreasing_ild,2705,0.0003,400,0.020969819277524948,0.09997301548719406,0.13355592654424042
evaluation,decreasing_ild,2705,0.0003,500,0.016452090814709663,0.07245255261659622,0.06677796327212021
evaluation,decreasing_ild,2705,0.0003,600,0.01229332946240902,0.05068571865558624,0.0
evaluation,dense3,2705,0.0003,1,2.4878711700439453,2.864551544189453,0.0
evaluation,dense3,2705,0.0003,100,0.16264241933822632,0.5757910013198853,0.0
evaluation,dense3,2705,0.0003,200,0.06029384583234787,0.31826353073120117,0.0
evaluation,dense3,2705,0.0003,300,0.028491420671343803,0.14327336847782135,0.0
evaluation,dense3,2705,0.0003,400,0.023222925141453743,0.12373806536197662,0.0
evaluation,dense3,2705,0.0003,500,0.01956329680979252,0.08838924020528793,0.0
evaluation,dense3,2705,0.0003,600,0.014418237842619419,0.06301432102918625,0.0
