task,recipe,reference,mask_name,metric,is_primary,n,df,mean,std,ci95_low,ci95_high,seeds_json,seed_differences_json
convnext_cifar100,constant_ild,dense,full,ce,False,3,2,-0.7127029052734377,0.052477389977013546,-0.8430639687341268,-0.5823418418127486,"[2000, 2001, 2002]","[-0.7404215736389164, -0.6521784553527832, -0.7455086868286136]"
convnext_cifar100,constant_ild,dense,full,accuracy,False,3,2,0.03283331791559855,0.0023860702788329447,0.026905990752855623,0.038760645078341475,"[2000, 2001, 2002]","[0.030099987983703613, 0.03389996290206909, 0.03450000286102295]"
convnext_cifar100,constant_ild,dense,full,excess_ce,False,3,2,0.0,0.0,0.0,0.0,"[2000, 2001, 2002]","[0.0, 0.0, 0.0]"
convnext_cifar100,constant_ild,dense,full,accuracy_change,False,3,2,0.0,0.0,0.0,0.0,"[2000, 2001, 2002]","[0.0, 0.0, 0.0]"
convnext_cifar100,constant_ild,dense,primary_two_thirds,ce,False,3,2,-5.5074027723948165,2.3488895013727737,-11.342367763693503,0.3275622189038696,"[2000, 2001, 2002]","[-6.781334254837036, -6.94410668258667, -2.796767379760742]"
convnext_cifar100,constant_ild,dense,primary_two_thirds,accuracy,False,3,2,0.3682333454489708,0.09370570940992375,0.1354554588893172,0.6010112320086244,"[2000, 2001, 2002]","[0.4107999950647354, 0.43310000747442245, 0.2608000338077545]"
convnext_cifar100,constant_ild,dense,primary_two_thirds,excess_ce,True,3,2,-4.794699867121379,2.379202452139283,-10.704966402576215,1.1155666683334582,"[2000, 2001, 2002]","[-6.040912681198121, -6.291928227233887, -2.0512586929321284]"
convnext_cifar100,constant_ild,dense,primary_two_thirds,accuracy_change,False,3,2,0.3354000275333722,0.09493508196762054,0.09956821024124618,0.5712318448254983,"[2000, 2001, 2002]","[0.3807000070810318, 0.39920004457235336, 0.22630003094673157]"
convnext_cifar100,constant_ild,dense,one_third,ce,False,3,2,-6.674681243896485,1.817931292023231,-11.190672923940397,-2.1586895638525725,"[2000, 2001, 2002]","[-8.529263543701173, -6.599016510009767, -4.895763677978516]"
convnext_cifar100,constant_ild,dense,one_third,accuracy,False,3,2,0.32463331893086433,0.008183115301370584,0.3043053336104173,0.3449613042513114,"[2000, 2001, 2002]","[0.33389998972415924, 0.32159997895359993, 0.31839998811483383]"
convnext_cifar100,constant_ild,dense,one_third,excess_ce,False,3,2,-5.961978338623047,1.8193407382693776,-10.48147127723982,-1.442485400006274,"[2000, 2001, 2002]","[-7.788841970062257, -5.9468380546569835, -4.150254991149902]"
convnext_cifar100,constant_ild,dense,one_third,accuracy_change,False,3,2,0.29180000101526576,0.01056456679515647,0.26555616223019407,0.31804383980033746,"[2000, 2001, 2002]","[0.3038000017404556, 0.28770001605153084, 0.2838999852538109]"
convnext_cifar100,constant_ild,dense,half,ce,False,3,2,-6.970958320744833,2.828021624071694,-13.996153486992537,0.05423684550286989,"[2000, 2001, 2002]","[-9.028352600097657, -8.138406187820436, -3.7461161743164064]"
convnext_cifar100,constant_ild,dense,half,accuracy,False,3,2,0.3890666502217452,0.07394769950766493,0.20537038117114637,0.572762919272344,"[2000, 2001, 2002]","[0.4114999957382679, 0.44919996708631516, 0.30649998784065247]"
convnext_cifar100,constant_ild,dense,half,excess_ce,False,3,2,-6.258255415471395,2.8495411139200875,-13.336907957990991,0.8203971270482002,"[2000, 2001, 2002]","[-8.28793102645874, -7.486227732467652, -3.000607487487793]"
convnext_cifar100,constant_ild,dense,half,accuracy_change,False,3,2,0.3562333323061466,0.07489155520387702,0.17019239572605493,0.5422742688862383,"[2000, 2001, 2002]","[0.3814000077545643, 0.41530000418424606, 0.2719999849796295]"
convnext_cifar100,constant_ild,dense,five_sixths,ce,False,3,2,-2.487897949473063,1.3807977402858953,-5.917989688536903,0.9421937895907773,"[2000, 2001, 2002]","[-2.642105173492432, -3.7851187164306643, -1.0364699584960935]"
convnext_cifar100,constant_ild,dense,five_sixths,accuracy,False,3,2,0.22436667482058206,0.10613473121313699,-0.03928661352168092,0.488019963162845,"[2000, 2001, 2002]","[0.2502000033855438, 0.31520000100135803, 0.10770002007484436]"
convnext_cifar100,constant_ild,dense,five_sixths,excess_ce,False,3,2,-1.7751950441996256,1.4252054799558191,-5.315601724074974,1.7652116356757233,"[2000, 2001, 2002]","[-1.9016835998535155, -3.132940261077881, -0.29096127166747987]"
convnext_cifar100,constant_ild,dense,five_sixths,accuracy_change,False,3,2,0.19153335690498352,0.10695066692821523,-0.0741468281175402,0.45721354192750724,"[2000, 2001, 2002]","[0.2201000154018402, 0.28130003809928894, 0.07320001721382141]"
convnext_cifar100,constant_ild,dense,random_keeps_first_0,ce,False,3,2,-3.1236451972961423,1.2471750802918162,-6.221799847512685,-0.025490547079599413,"[2000, 2001, 2002]","[-3.477414934921265, -4.155718934249878, -1.7378017227172848]"
convnext_cifar100,constant_ild,dense,random_keeps_first_0,accuracy,False,3,2,0.27026664714018506,0.07977225140047042,0.07210138907811511,0.468431905202255,"[2000, 2001, 2002]","[0.28599999845027924, 0.340999960899353, 0.18379998207092285]"
convnext_cifar100,constant_ild,dense,random_keeps_first_0,excess_ce,False,3,2,-2.4109422920227046,1.286982091883218,-5.607983040928991,0.7860984568835816,"[2000, 2001, 2002]","[-2.7369933612823485, -3.5035404788970945, -0.9922930358886712]"
convnext_cifar100,constant_ild,dense,random_keeps_first_0,accuracy_change,False,3,2,0.2374333292245865,0.08050450434227027,0.037449054015187805,0.43741760443398514,"[2000, 2001, 2002]","[0.2559000104665756, 0.30709999799728394, 0.1492999792098999]"
convnext_cifar100,constant_ild,dense,random_keeps_first_1,ce,False,3,2,-3.0462400267283125,1.1771450816037143,-5.9704305162438285,-0.12204953721279654,"[2000, 2001, 2002]","[-3.990028137969971, -3.4214696598052985, -1.7272222824096684]"
convnext_cifar100,constant_ild,dense,random_keeps_first_1,accuracy,False,3,2,0.29059998691082,0.07645045695834288,0.10068652369341047,0.48051345012822955,"[2000, 2001, 2002]","[0.33149999380111694, 0.33789999783039093, 0.20239996910095215]"
convnext_cifar100,constant_ild,dense,random_keeps_first_1,excess_ce,False,3,2,-2.333537121454875,1.1950924002198566,-5.302311221971108,0.6352369790613586,"[2000, 2001, 2002]","[-3.2496065643310548, -2.7692912044525153, -0.9817135955810548]"
convnext_cifar100,constant_ild,dense,random_keeps_first_1,accuracy_change,False,3,2,0.25776666899522144,0.07783770446207566,0.06440709193813723,0.45112624605230567,"[2000, 2001, 2002]","[0.30140000581741333, 0.30400003492832184, 0.1678999662399292]"
convnext_cifar100,constant_ild,dense,random_keeps_first_2,ce,False,3,2,-4.719207172648113,1.8378646168780262,-9.284715976686124,-0.153698368610101,"[2000, 2001, 2002]","[-6.139694091796876, -5.3743973564147955, -2.643530069732666]"
convnext_cifar100,constant_ild,dense,random_keeps_first_2,accuracy,False,3,2,0.33449997504552204,0.10004764069716546,0.08596785780935079,0.5830320922816933,"[2000, 2001, 2002]","[0.3845999836921692, 0.39959996938705444, 0.21929997205734253]"
convnext_cifar100,constant_ild,dense,random_keeps_first_2,excess_ce,False,3,2,-4.006504267374675,1.8571148202749452,-8.61983322763151,0.606824692882161,"[2000, 2001, 2002]","[-5.399272518157959, -4.722218901062012, -1.8980213829040524]"
convnext_cifar100,constant_ild,dense,random_keeps_first_2,accuracy_change,False,3,2,0.3016666571299235,0.10136432864561533,0.04986370570628634,0.5534696085535606,"[2000, 2001, 2002]","[0.3544999957084656, 0.36570000648498535, 0.18479996919631958]"
convnext_cifar100,constant_ild,dense,delete_first_only,ce,False,3,2,0.7781143309275308,1.1859854616870251,-2.1680368801399124,3.7242655419949737,"[2000, 2001, 2002]","[1.4416130752563472, 1.483856441879273, -0.5911265243530277]"
convnext_cifar100,constant_ild,dense,delete_first_only,accuracy,False,3,2,-0.12633332113424936,0.0825216454674241,-0.33132845268274047,0.07866181041424178,"[2000, 2001, 2002]","[-0.181799978017807, -0.16569998860359192, -0.03149999678134918]"
convnext_cifar100,constant_ild,dense,delete_first_only,excess_ce,False,3,2,1.4908172362009686,1.1576152314136143,-1.3848584159507882,4.366492888352726,"[2000, 2001, 2002]","[2.1820346488952636, 2.136034897232056, 0.1543821624755859]"
convnext_cifar100,constant_ild,dense,delete_first_only,accuracy_change,False,3,2,-0.15916663904984793,0.08091872226506974,-0.36017988862219164,0.0418466105224958,"[2000, 2001, 2002]","[-0.21189996600151062, -0.199599951505661, -0.06599999964237213]"
convnext_cifar100,decreasing_ild,dense,full,ce,False,3,2,-0.5658385107676192,0.038503402109816516,-0.661486263982648,-0.47019075755259027,"[2000, 2001, 2002]","[-0.5331387496948246, -0.5561009193420414, -0.6082758632659915]"
convnext_cifar100,decreasing_ild,dense,full,accuracy,False,3,2,0.027799983819325764,0.002722132162432977,0.021037832658020943,0.034562134980630585,"[2000, 2001, 2002]","[0.02469998598098755, 0.029799997806549072, 0.028899967670440674]"
convnext_cifar100,decreasing_ild,dense,full,excess_ce,False,3,2,0.0,0.0,0.0,0.0,"[2000, 2001, 2002]","[0.0, 0.0, 0.0]"
convnext_cifar100,decreasing_ild,dense,full,accuracy_change,False,3,2,0.0,0.0,0.0,0.0,"[2000, 2001, 2002]","[0.0, 0.0, 0.0]"
convnext_cifar100,decreasing_ild,dense,primary_two_thirds,ce,False,3,2,-5.380634590530395,2.4181224936464973,-11.387583868839574,0.626314687778784,"[2000, 2001, 2002]","[-6.758186532592774, -6.795208181381225, -2.588509057617187]"
convnext_cifar100,decreasing_ild,dense,primary_two_thirds,accuracy,False,3,2,0.3642999852697055,0.10801891519555228,0.09596612444068497,0.632633846098726,"[2000, 2001, 2002]","[0.43309997022151947, 0.41999997943639755, 0.23980000615119934]"
convnext_cifar100,decreasing_ild,dense,primary_two_thirds,excess_ce,True,3,2,-4.814796079762776,2.4548135327867673,-10.912890952086796,1.2832987925612436,"[2000, 2001, 2002]","[-6.225047782897949, -6.239107262039184, -1.9802331943511957]"
convnext_cifar100,decreasing_ild,dense,primary_two_thirds,accuracy_change,False,3,2,0.33650000145037967,0.1091527509833575,0.06534953638184154,0.6076504665189177,"[2000, 2001, 2002]","[0.4083999842405319, 0.3901999816298485, 0.21090003848075867]"
convnext_cifar100,decreasing_ild,dense,one_third,ce,False,3,2,-6.3283026336669925,1.766453252745178,-10.716415775008855,-1.9401894923251302,"[2000, 2001, 2002]","[-8.20119891052246, -6.091534240722657, -4.69217474975586]"
convnext_cifar100,decreasing_ild,dense,one_third,accuracy,False,3,2,0.3022333172460397,0.022597408946966484,0.2460982414910719,0.3583683930010075,"[2000, 2001, 2002]","[0.31999997794628143, 0.2767999954521656, 0.3098999783396721]"
convnext_cifar100,decreasing_ild,dense,one_third,excess_ce,False,3,2,-5.762464122899374,1.8028339492988046,-10.240951924533007,-1.2839763212657402,"[2000, 2001, 2002]","[-7.668060160827638, -5.535433321380616, -4.083898886489868]"
convnext_cifar100,decreasing_ild,dense,one_third,accuracy_change,False,3,2,0.27443333342671394,0.024810548166571487,0.21280051507477932,0.33606615177864857,"[2000, 2001, 2002]","[0.2952999919652939, 0.24699999764561653, 0.2810000106692314]"
convnext_cifar100,decreasing_ild,dense,half,ce,False,3,2,-6.881534318033855,2.922522849438139,-14.141483542029174,0.3784149059614643,"[2000, 2001, 2002]","[-9.13175195236206, -7.934390205383302, -3.578460796356201]"
convnext_cifar100,decreasing_ild,dense,half,accuracy,False,3,2,0.390466654052337,0.08250770780786333,0.1855061455695755,0.5954271625350984,"[2000, 2001, 2002]","[0.4454999752342701, 0.4302999898791313, 0.2955999970436096]"
convnext_cifar100,decreasing_ild,dense,half,excess_ce,False,3,2,-6.315695807266235,2.960849518684606,-13.670853755705817,1.0394621411733462,"[2000, 2001, 2002]","[-8.598613202667234, -7.3782892860412606, -2.9701849330902097]"
convnext_cifar100,decreasing_ild,dense,half,accuracy_change,False,3,2,0.36266667023301125,0.08372705410932343,0.15467713761900345,0.570656202847019,"[2000, 2001, 2002]","[0.42079998925328255, 0.40049999207258224, 0.26670002937316895]"
convnext_cifar100,decreasing_ild,dense,five_sixths,ce,False,3,2,-2.314774319585165,1.4002041388223017,-5.7930742251042355,1.1635255859339058,"[2000, 2001, 2002]","[-2.397444075393677, -3.671812036514283, -0.8750668468475342]"
convnext_cifar100,decreasing_ild,dense,five_sixths,accuracy,False,3,2,0.21689998110135397,0.10886521189811038,-0.0535361972818946,0.4873361594846025,"[2000, 2001, 2002]","[0.2377999722957611, 0.31380000710487366, 0.09909996390342712]"
convnext_cifar100,decreasing_ild,dense,five_sixths,excess_ce,False,3,2,-1.7489358088175455,1.4279597599245157,-5.2961844994320915,1.7983128817970002,"[2000, 2001, 2002]","[-1.8643053256988527, -3.1157111171722414, -0.26679098358154274]"
convnext_cifar100,decreasing_ild,dense,five_sixths,accuracy_change,False,3,2,0.1890999972820282,0.10890184113165219,-0.08142717316161724,0.45962716772567364,"[2000, 2001, 2002]","[0.21309998631477356, 0.2840000092983246, 0.07019999623298645]"
convnext_cifar100,decreasing_ild,dense,random_keeps_first_0,ce,False,3,2,-3.0076754989624024,1.3267667231784726,-6.303546750820771,0.288195752895966,"[2000, 2001, 2002]","[-3.4832605117797852, -4.03110228729248, -1.5086636978149413]"
convnext_cifar100,decreasing_ild,dense,random_keeps_first_0,accuracy,False,3,2,0.2696666767199834,0.08731559364526086,0.05276271771433455,0.48657063572563225,"[2000, 2001, 2002]","[0.3076000064611435, 0.33160001039505005, 0.1698000133037567]"
convnext_cifar100,decreasing_ild,dense,random_keeps_first_0,excess_ce,False,3,2,-2.4418369881947832,1.3604865931423091,-5.8214730406685655,0.9377990642789991,"[2000, 2001, 2002]","[-2.9501217620849607, -3.475001367950439, -0.9003878345489498]"
convnext_cifar100,decreasing_ild,dense,random_keeps_first_0,accuracy_change,False,3,2,0.24186669290065765,0.0879488505935678,0.023389636428436555,0.46034374937287875,"[2000, 2001, 2002]","[0.28290002048015594, 0.301800012588501, 0.14090004563331604]"
convnext_cifar100,decreasing_ild,dense,random_keeps_first_1,ce,False,3,2,-2.814846437454224,1.2638779108342193,-5.9544932189155775,0.3248003440071292,"[2000, 2001, 2002]","[-3.8548646862030034, -3.1814933372497562, -1.4081812889099128]"
convnext_cifar100,decreasing_ild,dense,random_keeps_first_1,accuracy,False,3,2,0.2870999922355016,0.08600888799241692,0.07344207002035327,0.5007579144506499,"[2000, 2001, 2002]","[0.34439995884895325, 0.3287000209093094, 0.1881999969482422]"
convnext_cifar100,decreasing_ild,dense,random_keeps_first_1,excess_ce,False,3,2,-2.249007926686605,1.3023607933970318,-5.484251487982444,0.9862356346092347,"[2000, 2001, 2002]","[-3.321725936508179, -2.625392417907715, -0.7999054256439213]"
convnext_cifar100,decreasing_ild,dense,random_keeps_first_1,accuracy_change,False,3,2,0.25930000841617584,0.08722474619232344,0.04262172699439318,0.47597828983795853,"[2000, 2001, 2002]","[0.3196999728679657, 0.2989000231027603, 0.1593000292778015]"
convnext_cifar100,decreasing_ild,dense,random_keeps_first_2,ce,False,3,2,-4.448558182525635,1.833873712664257,-9.004153030901893,0.10703666585062255,"[2000, 2001, 2002]","[-5.8371083942413335, -5.138854861068726, -2.369711292266846]"
convnext_cifar100,decreasing_ild,dense,random_keeps_first_2,accuracy,False,3,2,0.32206666469573975,0.09101412574117278,0.09597504263219567,0.5481582867592838,"[2000, 2001, 2002]","[0.36619997024536133, 0.38260000944137573, 0.21740001440048218]"
convnext_cifar100,decreasing_ild,dense,random_keeps_first_2,excess_ce,False,3,2,-3.882719671758016,1.8721439985817976,-8.533383180624831,0.7679438371087981,"[2000, 2001, 2002]","[-5.303969644546509, -4.5827539417266845, -1.7614354290008545]"
convnext_cifar100,decreasing_ild,dense,random_keeps_first_2,accuracy_change,False,3,2,0.294266680876414,0.0917706833832717,0.06629566544295332,0.5222376963098747,"[2000, 2001, 2002]","[0.3414999842643738, 0.35280001163482666, 0.1885000467300415]"
convnext_cifar100,decreasing_ild,dense,delete_first_only,ce,False,3,2,2.174047837193807,1.0392077000025295,-0.40748720081412104,4.7555828752017355,"[2000, 2001, 2002]","[2.959748579406738, 2.566664461898804, 0.9957304702758787]"
convnext_cifar100,decreasing_ild,dense,delete_first_only,accuracy,False,3,2,-0.197066659728686,0.09651022057753858,-0.4368113382430803,0.042678018785708316,"[2000, 2001, 2002]","[-0.26669998466968536, -0.23759999871253967, -0.08689999580383301]"
convnext_cifar100,decreasing_ild,dense,delete_first_only,excess_ce,False,3,2,2.739886347961426,1.0009571016983596,0.2533710637012243,5.226401632221628,"[2000, 2001, 2002]","[3.4928873291015625, 3.1227653812408454, 1.6040063335418706]"
convnext_cifar100,decreasing_ild,dense,delete_first_only,accuracy_change,False,3,2,-0.22486664354801178,0.09521373438905509,-0.4613906718287182,0.011657384732694592,"[2000, 2001, 2002]","[-0.2913999706506729, -0.26739999651908875, -0.11579996347427368]"
gpt_wikitext103,constant_ild,dense,full,ce,False,3,2,0.13342582371822864,0.023228664511373755,0.07572262220990966,0.19112902522654762,"[2000, 2001, 2002]","[0.10760546118263292, 0.15262508392333984, 0.14004692604871316]"
gpt_wikitext103,constant_ild,dense,full,accuracy,False,3,2,-0.0147132674853007,0.0026499579295921724,-0.021296127912982757,-0.008130407057618642,"[2000, 2001, 2002]","[-0.011825919151306152, -0.017034262418746948, -0.015279620885848999]"
gpt_wikitext103,constant_ild,dense,full,excess_ce,False,3,2,0.0,0.0,0.0,0.0,"[2000, 2001, 2002]","[0.0, 0.0, 0.0]"
gpt_wikitext103,constant_ild,dense,full,accuracy_change,False,3,2,0.0,0.0,0.0,0.0,"[2000, 2001, 2002]","[0.0, 0.0, 0.0]"
gpt_wikitext103,constant_ild,dense,primary_two_thirds,ce,False,3,2,-3.972760794931635,0.5357903183477493,-5.303737730376561,-2.6417838594867087,"[2000, 2001, 2002]","[-4.561295156556417, -3.843695745235537, -3.5132914830029502]"
gpt_wikitext103,constant_ild,dense,primary_two_thirds,accuracy,False,3,2,0.20926753183205923,0.02425020779542719,0.14902667612754905,0.2695083875365694,"[2000, 2001, 2002]","[0.2363797128200531, 0.20177525281906128, 0.1896476298570633]"
gpt_wikitext103,constant_ild,dense,primary_two_thirds,excess_ce,True,3,2,-4.106186618649863,0.5166183491745706,-5.389537742461515,-2.822835494838211,"[2000, 2001, 2002]","[-4.668900617739049, -3.996320829158877, -3.6533384090516634]"
gpt_wikitext103,constant_ild,dense,primary_two_thirds,accuracy_change,False,3,2,0.22398079931735992,0.022097764699450174,0.16908690868014997,0.2788746899545699,"[2000, 2001, 2002]","[0.24820563197135925, 0.21880951523780823, 0.2049272507429123]"
gpt_wikitext103,constant_ild,dense,prefix_4,ce,False,3,2,-4.951670124601867,0.6342203490012437,-6.527160811170434,-3.376179438033299,"[2000, 2001, 2002]","[-5.674507183757256, -4.692062156956371, -4.488441033091972]"
gpt_wikitext103,constant_ild,dense,prefix_4,accuracy,False,3,2,0.21362767120202383,0.00595751750211852,0.1988283773060808,0.22842696509796687,"[2000, 2001, 2002]","[0.22009574621915817, 0.2124221846461296, 0.2083650827407837]"
gpt_wikitext103,constant_ild,dense,prefix_4,excess_ce,False,3,2,-5.085095948320094,0.6132370984221309,-6.608461350808157,-3.561730545832032,"[2000, 2001, 2002]","[-5.782112644939888, -4.844687240879711, -4.628487959140685]"
gpt_wikitext103,constant_ild,dense,prefix_4,accuracy_change,False,3,2,0.22834093868732452,0.004249740360599066,0.21778399839204357,0.23889787898260548,"[2000, 2001, 2002]","[0.23192166537046432, 0.22945644706487656, 0.2236447036266327]"
gpt_wikitext103,constant_ild,dense,prefix_6,ce,False,3,2,-4.740933405351511,0.6453779730797345,-6.344141166667961,-3.1377256440350605,"[2000, 2001, 2002]","[-5.474429440692189, -4.488204696314122, -4.26016607904822]"
gpt_wikitext103,constant_ild,dense,prefix_6,accuracy,False,3,2,0.2352708379427592,0.021960843105622258,0.180717079400342,0.28982459648517633,"[2000, 2001, 2002]","[0.2597854733467102, 0.22863073647022247, 0.2173963040113449]"
gpt_wikitext103,constant_ild,dense,prefix_6,excess_ce,False,3,2,-4.874359229069739,0.624562047782165,-6.42585736534771,-3.322861092791769,"[2000, 2001, 2002]","[-5.582034901874821, -4.640829780237462, -4.4002130050969335]"
gpt_wikitext103,constant_ild,dense,prefix_6,accuracy_change,False,3,2,0.2499841054280599,0.019823815735011366,0.20073901716820564,0.2992291936879142,"[2000, 2001, 2002]","[0.27161139249801636, 0.24566499888896942, 0.2326759248971939]"
gpt_wikitext103,constant_ild,dense,prefix_10,ce,False,3,2,-2.2052639726054704,0.24467002090215603,-2.8130579984845228,-1.597469946726418,"[2000, 2001, 2002]","[-2.321033691003071, -2.3705638986292894, -1.924194328184051]"
gpt_wikitext103,constant_ild,dense,prefix_10,accuracy,False,3,2,0.10049063960711162,0.010211385840146081,0.0751241509514839,0.12585712826273934,"[2000, 2001, 2002]","[0.10853338241577148, 0.10393640398979187, 0.08900213241577148]"
gpt_wikitext103,constant_ild,dense,prefix_10,excess_ce,False,3,2,-2.338689796323699,0.24233534471364956,-2.940684165037954,-1.736695427609444,"[2000, 2001, 2002]","[-2.428639152185704, -2.5231889825526292, -2.064241254232764]"
gpt_wikitext103,constant_ild,dense,prefix_10,accuracy_change,False,3,2,0.11520390709241231,0.009463800733036647,0.09169452279416303,0.1387132913906616,"[2000, 2001, 2002]","[0.12035930156707764, 0.12097066640853882, 0.10428175330162048]"
gpt_wikitext103,constant_ild,dense,random_keeps_first_0,ce,False,3,2,-0.29716833755575883,0.055272036850338845,-0.4344716887057434,-0.15986498640577432,"[2000, 2001, 2002]","[-0.3493770700160086, -0.2392727107536503, -0.30285523189761765]"
gpt_wikitext103,constant_ild,dense,random_keeps_first_0,accuracy,False,3,2,0.04162829120953878,0.010023968890777791,0.016727372065674328,0.06652921035340323,"[2000, 2001, 2002]","[0.050642311573028564, 0.030833154916763306, 0.04340940713882446]"
gpt_wikitext103,constant_ild,dense,random_keeps_first_0,excess_ce,False,3,2,-0.4305941612739875,0.034243551489119894,-0.5156598589153506,-0.34552846363262435,"[2000, 2001, 2002]","[-0.4569825311986415, -0.39189779467699015, -0.4429021579463308]"
gpt_wikitext103,constant_ild,dense,random_keeps_first_0,accuracy_change,False,3,2,0.05634155869483948,0.007578185607036973,0.037516302041096725,0.07516681534858223,"[2000, 2001, 2002]","[0.06246823072433472, 0.047867417335510254, 0.05868902802467346]"
gpt_wikitext103,constant_ild,dense,random_keeps_first_1,ce,False,3,2,-0.3310043921638635,0.04030597981781287,-0.43112999664184326,-0.23087878768588374,"[2000, 2001, 2002]","[-0.28491151235937107, -0.34846900149089555, -0.359632662641324]"
gpt_wikitext103,constant_ild,dense,random_keeps_first_1,accuracy,False,3,2,0.04261676470438639,0.0025976986191898277,0.036163723600469405,0.04906980580830338,"[2000, 2001, 2002]","[0.04052734375, 0.04179766774177551, 0.04552528262138367]"
gpt_wikitext103,constant_ild,dense,random_keeps_first_1,excess_ce,False,3,2,-0.46443021588209216,0.06228271042708306,-0.619149045649448,-0.3097113861147364,"[2000, 2001, 2002]","[-0.392516973542004, -0.5010940854142354, -0.49967958869003715]"
gpt_wikitext103,constant_ild,dense,random_keeps_first_1,accuracy_change,False,3,2,0.057330032189687095,0.004421462469481791,0.04634651052777435,0.06831355385159985,"[2000, 2001, 2002]","[0.05235326290130615, 0.05883193016052246, 0.060804903507232666]"
gpt_wikitext103,constant_ild,dense,random_keeps_first_2,ce,False,3,2,-0.5351063927337729,0.17918045176587968,-0.9802153101894289,-0.08999747527811697,"[2000, 2001, 2002]","[-0.73935277287553, -0.40437906932055423, -0.4615873360052345]"
gpt_wikitext103,constant_ild,dense,random_keeps_first_2,accuracy,False,3,2,0.06710228323936462,0.023202276224620958,0.00946463386931904,0.12473993260941021,"[2000, 2001, 2002]","[0.09329348802566528, 0.04912188649177551, 0.058891475200653076]"
gpt_wikitext103,constant_ild,dense,random_keeps_first_2,excess_ce,False,3,2,-0.6685322164520016,0.1561244518715597,-1.0563668550860617,-0.2806975778179414,"[2000, 2001, 2002]","[-0.846958234058163, -0.5570041532438941, -0.6016342620539477]"
gpt_wikitext103,constant_ild,dense,random_keeps_first_2,accuracy_change,False,3,2,0.08181555072466533,0.02057576581128155,0.030702514922929393,0.13292858652640127,"[2000, 2001, 2002]","[0.10511940717697144, 0.06615614891052246, 0.07417109608650208]"
gpt_wikitext103,constant_ild,dense,delete_first_only,ce,False,3,2,0.2287877710854135,0.016090975125171235,0.18881557295674065,0.2687599692140864,"[2000, 2001, 2002]","[0.21108604058986735, 0.23274925666126833, 0.24252801600510487]"
gpt_wikitext103,constant_ild,dense,delete_first_only,accuracy,False,3,2,0.005007198701302211,0.007533275959185127,-0.013706496202586443,0.023720893605190866,"[2000, 2001, 2002]","[0.01310419850051403, -0.001794334501028061, 0.003711732104420662]"
gpt_wikitext103,constant_ild,dense,delete_first_only,excess_ce,False,3,2,0.09536194736718488,0.013205759218219667,0.06255702287976309,0.12816687185460668,"[2000, 2001, 2002]","[0.10348057940723443, 0.08012417273792849, 0.10248108995639171]"
gpt_wikitext103,constant_ild,dense,delete_first_only,accuracy_change,False,3,2,0.01972046618660291,0.0048860668037308905,0.007582803376898942,0.03185812899630688,"[2000, 2001, 2002]","[0.024930117651820183, 0.015239927917718887, 0.01899135299026966]"
gpt_wikitext103,decreasing_ild,dense,full,ce,False,3,2,0.22462643775836563,0.013031871344156648,0.192253474696535,0.2569994008201963,"[2000, 2001, 2002]","[0.21002726826241336, 0.2350847973086969, 0.2287672477039866]"
gpt_wikitext103,decreasing_ild,dense,full,accuracy,False,3,2,-0.024197041988372803,0.00130523729532633,-0.027439431176589382,-0.020954652800156223,"[2000, 2001, 2002]","[-0.02283012866973877, -0.02543032169342041, -0.02433067560195923]"
gpt_wikitext103,decreasing_ild,dense,full,excess_ce,False,3,2,0.0,0.0,0.0,0.0,"[2000, 2001, 2002]","[0.0, 0.0, 0.0]"
gpt_wikitext103,decreasing_ild,dense,full,accuracy_change,False,3,2,0.0,0.0,0.0,0.0,"[2000, 2001, 2002]","[0.0, 0.0, 0.0]"
gpt_wikitext103,decreasing_ild,dense,primary_two_thirds,ce,False,3,2,-3.858336289723715,0.5267680833122792,-5.166900750871971,-2.549771828575459,"[2000, 2001, 2002]","[-4.435383354745261, -3.736387446643861, -3.4032380677820226]"
gpt_wikitext103,decreasing_ild,dense,primary_two_thirds,accuracy,False,3,2,0.19835994144280752,0.02309498138458377,0.14098882723118386,0.25573105565443116,"[2000, 2001, 2002]","[0.22385114431381226, 0.19239866733551025, 0.17883001267910004]"
gpt_wikitext103,decreasing_ild,dense,primary_two_thirds,excess_ce,True,3,2,-4.08296272748208,0.5158199058455426,-5.364330408109328,-2.8015950468548314,"[2000, 2001, 2002]","[-4.645410623007673, -3.971472243952558, -3.6320053154860092]"
gpt_wikitext103,decreasing_ild,dense,primary_two_thirds,accuracy_change,False,3,2,0.22255698343118033,0.022142171788523093,0.1675527794693314,0.27756118739302926,"[2000, 2001, 2002]","[0.24668127298355103, 0.21782898902893066, 0.20316068828105927]"
gpt_wikitext103,decreasing_ild,dense,prefix_4,ce,False,3,2,-4.760601912087542,0.6147152006187824,-6.287639123984256,-3.2335647001908274,"[2000, 2001, 2002]","[-5.4687896317582805, -4.4480699717513925, -4.364946132752953]"
gpt_wikitext103,decreasing_ild,dense,prefix_4,accuracy,False,3,2,0.19896202782789865,0.007590859321133579,0.18010528792301947,0.21781876773277783,"[2000, 2001, 2002]","[0.20661043375730515, 0.19143005460500717, 0.19884559512138367]"
gpt_wikitext103,decreasing_ild,dense,prefix_4,excess_ce,False,3,2,-4.985228349845908,0.6023277747198665,-6.481493489914536,-3.48896320977728,"[2000, 2001, 2002]","[-5.678816900020694, -4.683154769060089, -4.59371338045694]"
gpt_wikitext103,decreasing_ild,dense,prefix_4,accuracy_change,False,3,2,0.22315906981627145,0.006290110703402664,0.2075335686063178,0.2387845710262251,"[2000, 2001, 2002]","[0.22944056242704391, 0.21686037629842758, 0.2231762707233429]"
gpt_wikitext103,decreasing_ild,dense,prefix_6,ce,False,3,2,-4.561400890350343,0.6328530231068101,-6.133494951100176,-2.989306829600509,"[2000, 2001, 2002]","[-5.281238133345194, -4.310471747948872, -4.092492789756962]"
gpt_wikitext103,decreasing_ild,dense,prefix_6,accuracy,False,3,2,0.22069649895032248,0.021365760003603823,0.16762100878330638,0.2737719891173386,"[2000, 2001, 2002]","[0.2443946897983551, 0.21478815376758575, 0.20290665328502655]"
gpt_wikitext103,decreasing_ild,dense,prefix_6,excess_ce,False,3,2,-4.786027328108708,0.6209652052142437,-6.328590412120164,-3.2434642440972525,"[2000, 2001, 2002]","[-5.491265401607606, -4.545556545257569, -4.321260037460949]"
gpt_wikitext103,decreasing_ild,dense,prefix_6,accuracy_change,False,3,2,0.24489354093869528,0.020399559031148626,0.19421822704456895,0.2955688548328216,"[2000, 2001, 2002]","[0.26722481846809387, 0.24021847546100616, 0.22723732888698578]"
gpt_wikitext103,decreasing_ild,dense,prefix_10,ce,False,3,2,-2.112369148388788,0.24388970510205185,-2.7182247623616593,-1.5065135344159168,"[2000, 2001, 2002]","[-2.216865330207639, -2.286599752379627, -1.833642362579098]"
gpt_wikitext103,decreasing_ild,dense,prefix_10,accuracy,False,3,2,0.09060460329055786,0.009716029113702578,0.0664686489599007,0.11474055762121502,"[2000, 2001, 2002]","[0.09685832262039185, 0.09554430842399597, 0.07941117882728577]"
gpt_wikitext103,decreasing_ild,dense,prefix_10,excess_ce,False,3,2,-2.3369955861471534,0.24247571447437588,-2.9393386526776304,-1.7346525196166764,"[2000, 2001, 2002]","[-2.4268925984700522, -2.521684549688324, -2.0624096102830847]"
gpt_wikitext103,decreasing_ild,dense,prefix_10,accuracy_change,False,3,2,0.11480164527893066,0.009599624691780021,0.09095485556259594,0.13864843499526538,"[2000, 2001, 2002]","[0.11968845129013062, 0.12097463011741638, 0.103741854429245]"
gpt_wikitext103,decreasing_ild,dense,random_keeps_first_0,ce,False,3,2,-0.1316701764982892,0.041574228056765944,-0.23494628425462344,-0.028394068741954923,"[2000, 2001, 2002]","[-0.16631931211890283, -0.08557071530722027, -0.1431205020687445]"
gpt_wikitext103,decreasing_ild,dense,random_keeps_first_0,accuracy,False,3,2,0.02202161153157552,0.008997340923346966,-0.00032902236236720395,0.04437224542551824,"[2000, 2001, 2002]","[0.02883240580558777, 0.011821955442428589, 0.025410473346710205]"
gpt_wikitext103,decreasing_ild,dense,random_keeps_first_0,excess_ce,False,3,2,-0.3562966142566548,0.03094650848194441,-0.43317200302634407,-0.2794212254869656,"[2000, 2001, 2002]","[-0.3763465803813162, -0.3206555126159172, -0.3718877497727311]"
gpt_wikitext103,decreasing_ild,dense,random_keeps_first_0,accuracy_change,False,3,2,0.046218653519948326,0.007824312089986723,0.02678198478802823,0.06565532225186842,"[2000, 2001, 2002]","[0.05166253447532654, 0.037252277135849, 0.049741148948669434]"
gpt_wikitext103,decreasing_ild,dense,random_keeps_first_1,ce,False,3,2,-0.16713224452362496,0.05484756971673764,-0.3033811608595953,-0.03088332818765463,"[2000, 2001, 2002]","[-0.10395867650101831, -0.19483558530729983, -0.20260247176255675]"
gpt_wikitext103,decreasing_ild,dense,random_keeps_first_1,accuracy,False,3,2,0.022703091303507488,0.004335660434759999,0.011932713711799518,0.03347346889521546,"[2000, 2001, 2002]","[0.018189460039138794, 0.023084193468093872, 0.026835620403289795]"
gpt_wikitext103,decreasing_ild,dense,random_keeps_first_1,excess_ce,False,3,2,-0.39175868228199057,0.0673570647384117,-0.5590829069573416,-0.22443445760663946,"[2000, 2001, 2002]","[-0.31398594476343167, -0.42992038261599674, -0.43136971946654334]"
gpt_wikitext103,decreasing_ild,dense,random_keeps_first_1,accuracy_change,False,3,2,0.04690013329188029,0.0052624698436486705,0.03382743349586638,0.059972833087894195,"[2000, 2001, 2002]","[0.041019588708877563, 0.04851451516151428, 0.05116629600524902]"
gpt_wikitext103,decreasing_ild,dense,random_keeps_first_2,ce,False,3,2,-0.4092573783585052,0.17178438434946233,-0.8359934458257481,0.017478689108737733,"[2000, 2001, 2002]","[-0.6074595490122232, -0.30331528671388686, -0.31699729934940546]"
gpt_wikitext103,decreasing_ild,dense,random_keeps_first_2,accuracy,False,3,2,0.053344398736953735,0.022470195908325035,-0.002474662311287401,0.10916345978519487,"[2000, 2001, 2002]","[0.07922860980033875, 0.03884813189506531, 0.04195645451545715]"
gpt_wikitext103,decreasing_ild,dense,random_keeps_first_2,excess_ce,False,3,2,-0.6338838161168708,0.15904749402155616,-1.028979693989027,-0.23878793824471467,"[2000, 2001, 2002]","[-0.8174868172746366, -0.5384000840225838, -0.5457645470533921]"
gpt_wikitext103,decreasing_ild,dense,random_keeps_first_2,accuracy_change,False,3,2,0.07754144072532654,0.02125634286226226,0.024737757805438444,0.13034512364521464,"[2000, 2001, 2002]","[0.10205873847007751, 0.06427845358848572, 0.06628713011741638]"
gpt_wikitext103,decreasing_ild,dense,delete_first_only,ce,False,3,2,0.45079115994254454,0.05619909801918513,0.31118486118184907,0.59039745870324,"[2000, 2001, 2002]","[0.3876091561666346, 0.49520263051599045, 0.4695616931450086]"
gpt_wikitext103,decreasing_ild,dense,delete_first_only,accuracy,False,3,2,-0.00970078477015098,0.011164243305706747,-0.0374343025899836,0.018032733049681636,"[2000, 2001, 2002]","[-0.0002897921949625015, -0.022036172449588776, -0.006776389665901661]"
gpt_wikitext103,decreasing_ild,dense,delete_first_only,excess_ce,False,3,2,0.22616472218417893,0.043169053368087615,0.11892684872819792,0.33340259564015995,"[2000, 2001, 2002]","[0.17758188790422125, 0.26011783320729354, 0.24079444544102202]"
gpt_wikitext103,decreasing_ild,dense,delete_first_only,accuracy_change,False,3,2,0.014496257218221823,0.00993266208525831,-0.010177843246704297,0.039170357683147944,"[2000, 2001, 2002]","[0.022540336474776268, 0.0033941492438316345, 0.017554285936057568]"
vit_cifar100,constant_ild,dense,full,ce,False,3,2,-0.3662148283640545,0.04784389246557105,-0.4850656459188653,-0.2473640108092437,"[2000, 2001, 2002]","[-0.3117827114105225, -0.38525185699462927, -0.40160991668701174]"
vit_cifar100,constant_ild,dense,full,accuracy,False,3,2,0.025133321682612102,0.005718674279230202,0.010927347243862691,0.039339296121361514,"[2000, 2001, 2002]","[0.01969999074935913, 0.031099975109100342, 0.02459999918937683]"
vit_cifar100,constant_ild,dense,full,excess_ce,False,3,2,0.0,0.0,0.0,0.0,"[2000, 2001, 2002]","[0.0, 0.0, 0.0]"
vit_cifar100,constant_ild,dense,full,accuracy_change,False,3,2,0.0,0.0,0.0,0.0,"[2000, 2001, 2002]","[0.0, 0.0, 0.0]"
vit_cifar100,constant_ild,dense,primary_two_thirds,ce,False,3,2,-0.08846585763295482,0.05106578979806874,-0.21532031185509093,0.0383885965891813,"[2000, 2001, 2002]","[-0.031305638694762994, -0.12958578033447266, -0.1045061538696288]"
vit_cifar100,constant_ild,dense,primary_two_thirds,accuracy,False,3,2,0.03893333673477173,0.0074795380769248025,0.020353134130760214,0.05751353933878324,"[2000, 2001, 2002]","[0.03560000658035278, 0.047500014305114746, 0.033699989318847656]"
vit_cifar100,constant_ild,dense,primary_two_thirds,excess_ce,True,3,2,0.27774897073109966,0.02085311400834957,0.22594696381371698,0.32955097764848235,"[2000, 2001, 2002]","[0.2804770727157595, 0.2556660766601566, 0.29710376281738293]"
vit_cifar100,constant_ild,dense,primary_two_thirds,accuracy_change,False,3,2,0.013800015052159628,0.00407801196011164,0.0036696717527229875,0.023930358351596268,"[2000, 2001, 2002]","[0.015900015830993652, 0.016400039196014404, 0.009099990129470825]"
vit_cifar100,constant_ild,dense,prefix_4,ce,False,3,2,-0.5517538879394531,0.019822060525172353,-0.6009946160163542,-0.5025131598625521,"[2000, 2001, 2002]","[-0.5342123474121094, -0.5477914398193358, -0.5732578765869141]"
vit_cifar100,constant_ild,dense,prefix_4,accuracy,False,3,2,0.05400000015894572,0.0038000023678742625,0.04456027097183844,0.06343972934605299,"[2000, 2001, 2002]","[0.05300000309944153, 0.05079999566078186, 0.05820000171661377]"
vit_cifar100,constant_ild,dense,prefix_4,excess_ce,False,3,2,-0.1855390595753986,0.03227114198519044,-0.2657050203848644,-0.10537309876593283,"[2000, 2001, 2002]","[-0.22242963600158694, -0.16253958282470649, -0.17164795989990234]"
vit_cifar100,constant_ild,dense,prefix_4,accuracy_change,False,3,2,0.028866678476333618,0.007939975545131588,0.009142685793606768,0.04859067115906047,"[2000, 2001, 2002]","[0.0333000123500824, 0.01970002055168152, 0.03360000252723694]"
vit_cifar100,constant_ild,dense,prefix_6,ce,False,3,2,-0.26512056058247896,0.031733616888012454,-0.34395123502698594,-0.18628988613797198,"[2000, 2001, 2002]","[-0.2289315769195559, -0.2881940620422365, -0.2782360427856445]"
vit_cifar100,constant_ild,dense,prefix_6,accuracy,False,3,2,0.04576667149861654,0.001530801120334882,0.04196395070626996,0.04956939229096312,"[2000, 2001, 2002]","[0.04460000991821289, 0.047500014305114746, 0.04519999027252197]"
vit_cifar100,constant_ild,dense,prefix_6,excess_ce,False,3,2,0.10109426778157553,0.02056071343621999,0.05001862415238274,0.1521699114107683,"[2000, 2001, 2002]","[0.0828511344909666, 0.09705779495239275, 0.12337387390136723]"
vit_cifar100,constant_ild,dense,prefix_6,accuracy_change,False,3,2,0.020633349816004436,0.004250088174198392,0.010075545503844716,0.03119115412816416,"[2000, 2001, 2002]","[0.02490001916885376, 0.016400039196014404, 0.02059999108314514]"
vit_cifar100,constant_ild,dense,prefix_10,ce,False,3,2,-0.11484961694081619,0.05258000963745254,-0.24546560176997775,0.015766367888345373,"[2000, 2001, 2002]","[-0.05414207134246807, -0.14442695941925043, -0.14597982006073007]"
vit_cifar100,constant_ild,dense,prefix_10,accuracy,False,3,2,0.030066678921381634,0.006863203848415573,0.01301753541750601,0.04711582242525726,"[2000, 2001, 2002]","[0.031500011682510376, 0.036100029945373535, 0.022599995136260986]"
vit_cifar100,constant_ild,dense,prefix_10,excess_ce,False,3,2,0.2513652114232383,0.009183367206060503,0.228552462625014,0.2741779602214626,"[2000, 2001, 2002]","[0.2576406400680544, 0.24082489757537884, 0.25563009662628167]"
vit_cifar100,constant_ild,dense,prefix_10,accuracy_change,False,3,2,0.004933357238769531,0.006900254258542475,-0.012207824586141367,0.02207453906368043,"[2000, 2001, 2002]","[0.011800020933151245, 0.005000054836273193, -0.0020000040531158447]"
vit_cifar100,constant_ild,dense,random_keeps_first_0,ce,False,3,2,-1.9865552635192876,0.023678793133992945,-2.0453766465142325,-1.927733880524343,"[2000, 2001, 2002]","[-1.9858206298828125, -2.0105928249359137, -1.9632523357391363]"
vit_cifar100,constant_ild,dense,random_keeps_first_0,accuracy,False,3,2,0.2749333182970683,0.0033201409595037795,0.2666856309309495,0.2831810056631871,"[2000, 2001, 2002]","[0.2710999846458435, 0.2768999934196472, 0.2767999768257141]"
vit_cifar100,constant_ild,dense,random_keeps_first_0,excess_ce,False,3,2,-1.620340435155233,0.056364359914625004,-1.7603572672227203,-1.4803236030877458,"[2000, 2001, 2002]","[-1.67403791847229, -1.6253409679412845, -1.5616424190521245]"
vit_cifar100,constant_ild,dense,random_keeps_first_0,accuracy_change,False,3,2,0.24979999661445618,0.003487099556912035,0.24113756110020004,0.2584624321287123,"[2000, 2001, 2002]","[0.2513999938964844, 0.24580001831054688, 0.2521999776363373]"
vit_cifar100,constant_ild,dense,random_keeps_first_1,ce,False,3,2,-1.9519055631637574,0.025377896576863512,-2.0149477530974496,-1.8888633732300655,"[2000, 2001, 2002]","[-1.9669007568359378, -1.9662115385055543, -1.9226043941497801]"
vit_cifar100,constant_ild,dense,random_keeps_first_1,accuracy,False,3,2,0.273433322707812,0.004100416174580057,0.2632473242543103,0.2836193211613137,"[2000, 2001, 2002]","[0.2692999839782715, 0.2734999805688858, 0.2775000035762787]"
vit_cifar100,constant_ild,dense,random_keeps_first_1,excess_ce,False,3,2,-1.585690734799703,0.06718682921282737,-1.7525920709860556,-1.4187893986133502,"[2000, 2001, 2002]","[-1.6551180454254153, -1.580959681510925, -1.5209944774627684]"
vit_cifar100,constant_ild,dense,random_keeps_first_1,accuracy_change,False,3,2,0.2483000010251999,0.00536935556325396,0.23496178238225762,0.26163821966814216,"[2000, 2001, 2002]","[0.24959999322891235, 0.24240000545978546, 0.25290000438690186]"
vit_cifar100,constant_ild,dense,random_keeps_first_2,ce,False,3,2,-1.4541062310536703,0.04696918656010787,-1.5707841586819533,-1.3374283034253873,"[2000, 2001, 2002]","[-1.400671134185791, -1.472784979629517, -1.488862579345703]"
vit_cifar100,constant_ild,dense,random_keeps_first_2,accuracy,False,3,2,0.22606666882832846,0.005953432461875214,0.21127752273490819,0.24085581492174873,"[2000, 2001, 2002]","[0.22150000929832458, 0.2238999903202057, 0.23280000686645508]"
vit_cifar100,constant_ild,dense,random_keeps_first_2,excess_ce,False,3,2,-1.0878914026896158,0.0008747578167459052,-1.0900644215709188,-1.0857183838083129,"[2000, 2001, 2002]","[-1.0888884227752684, -1.0875331226348877, -1.0872526626586914]"
vit_cifar100,constant_ild,dense,random_keeps_first_2,accuracy_change,False,3,2,0.20093334714571634,0.007736490255853287,0.18171483994388982,0.22015185434754286,"[2000, 2001, 2002]","[0.20180001854896545, 0.19280001521110535, 0.20820000767707825]"
vit_cifar100,constant_ild,dense,delete_first_only,ce,False,3,2,2.882507181803386,0.2743572530548394,2.200965982973786,3.564048380632986,"[2000, 2001, 2002]","[2.879679724121094, 2.6095745849609386, 3.1582672363281254]"
vit_cifar100,constant_ild,dense,delete_first_only,accuracy,False,3,2,-0.00279999990016222,0.002651414480416333,-0.009386478600675784,0.0037864788003513427,"[2000, 2001, 2002]","[9.999983012676239e-05, -0.0050999997183680534, -0.003399999812245369]"
vit_cifar100,constant_ild,dense,delete_first_only,excess_ce,False,3,2,3.2487220101674406,0.28684415748422953,2.5361616211406846,3.9612823991941966,"[2000, 2001, 2002]","[3.1914624355316166, 2.994826441955569, 3.5598771530151367]"
vit_cifar100,constant_ild,dense,delete_first_only,accuracy_change,False,3,2,-0.027933321582774322,0.008300192819872435,-0.04855214358214015,-0.007314499583408497,"[2000, 2001, 2002]","[-0.01959999091923237, -0.036199974827468395, -0.0279999990016222]"
vit_cifar100,decreasing_ild,dense,full,ce,False,3,2,-0.5180927847544353,0.06519166167317098,-0.680037850014094,-0.35614771949477664,"[2000, 2001, 2002]","[-0.5898792419433594, -0.46257861900329633, -0.5018204933166501]"
vit_cifar100,decreasing_ild,dense,full,accuracy,False,3,2,0.013633320728937784,0.0036501280416215954,0.004565900007710956,0.02270074145016461,"[2000, 2001, 2002]","[0.01780000329017639, 0.012099981307983398, 0.010999977588653564]"
vit_cifar100,decreasing_ild,dense,full,excess_ce,False,3,2,0.0,0.0,0.0,0.0,"[2000, 2001, 2002]","[0.0, 0.0, 0.0]"
vit_cifar100,decreasing_ild,dense,full,accuracy_change,False,3,2,0.0,0.0,0.0,0.0,"[2000, 2001, 2002]","[0.0, 0.0, 0.0]"
vit_cifar100,decreasing_ild,dense,primary_two_thirds,ce,False,3,2,-0.03474846280415841,0.028104547357988167,-0.10456402877025259,0.035067103161935766,"[2000, 2001, 2002]","[-0.06702933387756316, -0.015722788238525354, -0.021493266296386704]"
vit_cifar100,decreasing_ild,dense,primary_two_thirds,accuracy,False,3,2,0.020933339993158977,0.002302894728844676,0.015212632350844715,0.02665404763547324,"[2000, 2001, 2002]","[0.022900015115737915, 0.021499991416931152, 0.01840001344680786]"
vit_cifar100,decreasing_ild,dense,primary_two_thirds,excess_ce,True,3,2,0.4833443219502769,0.038086770571565724,0.3887315388513575,0.5779571050491962,"[2000, 2001, 2002]","[0.5228499080657962, 0.446855830764771, 0.4803272270202634]"
vit_cifar100,decreasing_ild,dense,primary_two_thirds,accuracy_change,False,3,2,0.007300019264221191,0.0021517431999608172,0.0019547928350091785,0.012645245693433204,"[2000, 2001, 2002]","[0.0051000118255615234, 0.009400010108947754, 0.007400035858154297]"
vit_cifar100,decreasing_ild,dense,prefix_4,ce,False,3,2,-0.5899993133544923,0.012182399042268418,-0.6202620702360412,-0.5597365564729434,"[2000, 2001, 2002]","[-0.5904371978759766, -0.577603875732422, -0.6019568664550783]"
vit_cifar100,decreasing_ild,dense,prefix_4,accuracy,False,3,2,0.07300000389417012,0.0017435549062992186,0.06866877339877338,0.07733123438956686,"[2000, 2001, 2002]","[0.0737999975681305, 0.07420000433921814, 0.07100000977516174]"
vit_cifar100,decreasing_ild,dense,prefix_4,excess_ce,False,3,2,-0.07190652860005702,0.06223651524551354,-0.22651060317477073,0.08269754597465669,"[2000, 2001, 2002]","[-0.0005579559326172046, -0.11502525672912567, -0.10013637313842816]"
vit_cifar100,decreasing_ild,dense,prefix_4,accuracy_change,False,3,2,0.05936668316523234,0.00309894109895234,0.05166848671456248,0.0670648796159022,"[2000, 2001, 2002]","[0.0559999942779541, 0.06210002303123474, 0.06000003218650818]"
vit_cifar100,decreasing_ild,dense,prefix_6,ce,False,3,2,-0.2569999547322592,0.015645040236930894,-0.29586438918803026,-0.21813552027648805,"[2000, 2001, 2002]","[-0.27457549743652354, -0.24459382629394533, -0.2518305404663086]"
vit_cifar100,decreasing_ild,dense,prefix_6,accuracy,False,3,2,0.03606666127840678,0.003448667975843055,0.027499695104009632,0.04463362745280392,"[2000, 2001, 2002]","[0.03979998826980591, 0.03540000319480896, 0.03299999237060547]"
vit_cifar100,decreasing_ild,dense,prefix_6,excess_ce,False,3,2,0.26109283002217615,0.04960040328323882,0.13787859770394678,0.3843070623404055,"[2000, 2001, 2002]","[0.31530374450683585, 0.217984792709351, 0.24998995285034153]"
vit_cifar100,decreasing_ild,dense,prefix_6,accuracy_change,False,3,2,0.022433340549468994,0.0007505680552845762,0.020568826138036237,0.02429785496090175,"[2000, 2001, 2002]","[0.021999984979629517, 0.02330002188682556, 0.022000014781951904]"
vit_cifar100,decreasing_ild,dense,prefix_10,ce,False,3,2,-0.10901940307617182,0.043506572079793054,-0.217095719492351,-0.0009430866599926119,"[2000, 2001, 2002]","[-0.15648382148742668, -0.07103347320556619, -0.0995409145355226]"
vit_cifar100,decreasing_ild,dense,prefix_10,accuracy,False,3,2,0.01519999901453654,0.004539827766461435,0.003922441654623849,0.026477556374449228,"[2000, 2001, 2002]","[0.0203000009059906, 0.013700008392333984, 0.011599987745285034]"
vit_cifar100,decreasing_ild,dense,prefix_10,excess_ce,False,3,2,0.40907338167826346,0.021736563449533543,0.35507676468753413,0.4630699986689928,"[2000, 2001, 2002]","[0.4333954204559327, 0.39154514579773014, 0.4022795787811275]"
vit_cifar100,decreasing_ild,dense,prefix_10,accuracy_change,False,3,2,0.0015666782855987549,0.0009504326346704236,-0.0007943272647468738,0.0039276838359443835,"[2000, 2001, 2002]","[0.002499997615814209, 0.001600027084350586, 0.0006000101566314697]"
vit_cifar100,decreasing_ild,dense,random_keeps_first_0,ce,False,3,2,-1.6107761555989588,0.08328056325055098,-1.8176565434326994,-1.4038957677652182,"[2000, 2001, 2002]","[-1.7068684570312502, -1.5659478332519536, -1.5595121765136724]"
vit_cifar100,decreasing_ild,dense,random_keeps_first_0,accuracy,False,3,2,0.17843332886695862,0.007746821873915365,0.1591891565030798,0.19767750123083744,"[2000, 2001, 2002]","[0.18689998984336853, 0.17669999599456787, 0.17170000076293945]"
vit_cifar100,decreasing_ild,dense,random_keeps_first_0,excess_ce,False,3,2,-1.0926833708445234,0.03105945522752127,-1.1698393348843295,-1.0155274068047173,"[2000, 2001, 2002]","[-1.1169892150878908, -1.1033692142486573, -1.0576916831970222]"
vit_cifar100,decreasing_ild,dense,random_keeps_first_0,accuracy_change,False,3,2,0.16480000813802084,0.004203551382724446,0.15435780762454945,0.17524220865149223,"[2000, 2001, 2002]","[0.16909998655319214, 0.16460001468658447, 0.1607000231742859]"
vit_cifar100,decreasing_ild,dense,random_keeps_first_1,ce,False,3,2,-1.5502744628906253,0.10687752544382184,-1.8157729543934678,-1.2847759713877829,"[2000, 2001, 2002]","[-1.6734379272460944, -1.4954659301757816, -1.48191953125]"
vit_cifar100,decreasing_ild,dense,random_keeps_first_1,accuracy,False,3,2,0.17936666309833527,0.007129053334133059,0.1616571128613163,0.19707621333535424,"[2000, 2001, 2002]","[0.1875, 0.17419998347759247, 0.17640000581741333]"
vit_cifar100,decreasing_ild,dense,random_keeps_first_1,excess_ce,False,3,2,-1.03218167813619,0.05173343306736772,-1.1606946501816462,-0.903668706090734,"[2000, 2001, 2002]","[-1.083558685302735, -1.0328873111724852, -0.9800990379333498]"
vit_cifar100,decreasing_ild,dense,random_keeps_first_1,accuracy_change,False,3,2,0.1657333423693975,0.0038109451570554637,0.1562664297870125,0.17520025495178249,"[2000, 2001, 2002]","[0.1696999967098236, 0.16210000216960907, 0.16540002822875977]"
vit_cifar100,decreasing_ild,dense,random_keeps_first_2,ce,False,3,2,-1.3227125059763591,0.049571402944756676,-1.445854697460109,-1.1995703144926093,"[2000, 2001, 2002]","[-1.3650504608154295, -1.2681826656341557, -1.3349043914794922]"
vit_cifar100,decreasing_ild,dense,random_keeps_first_2,accuracy,False,3,2,0.18080000082651773,0.0008544078614001366,0.17867753403672346,0.182922467616312,"[2000, 2001, 2002]","[0.18090000748634338, 0.17989999055862427, 0.18160000443458557]"
vit_cifar100,decreasing_ild,dense,random_keeps_first_2,excess_ce,False,3,2,-0.8046197212219238,0.028968884653054236,-0.876582420058439,-0.7326570223854086,"[2000, 2001, 2002]","[-0.7751712188720701, -0.8056040466308594, -0.8330838981628421]"
vit_cifar100,decreasing_ild,dense,random_keeps_first_2,accuracy_change,False,3,2,0.16716668009757996,0.0037899095370252174,0.157752022892204,0.17658133730295592,"[2000, 2001, 2002]","[0.163100004196167, 0.16780000925064087, 0.170600026845932]"
vit_cifar100,decreasing_ild,dense,delete_first_only,ce,False,3,2,-0.249550109863281,0.40501613847244966,-1.2556659733453883,0.7565657536188263,"[2000, 2001, 2002]","[0.16769246826171802, -0.6411182373046866, -0.2752245605468744]"
vit_cifar100,decreasing_ild,dense,delete_first_only,accuracy,False,3,2,0.002399999958773454,0.005902541218174071,-0.012262725276966497,0.017062725194513406,"[2000, 2001, 2002]","[-0.000599999912083149, -0.0013999994844198227, 0.009199999272823334]"
vit_cifar100,decreasing_ild,dense,delete_first_only,excess_ce,False,3,2,0.2685426748911546,0.46946325918061327,-0.897668711561429,1.4347540613437382,"[2000, 2001, 2002]","[0.7575717102050774, -0.17853961830138942, 0.22659593276977574]"
vit_cifar100,decreasing_ild,dense,delete_first_only,accuracy_change,False,3,2,-0.011233320770164331,0.008528981023535585,-0.03242048417427329,0.009953842633944625,"[2000, 2001, 2002]","[-0.01840000320225954, -0.013499980792403221, -0.0017999783158302307]"
