task,recipe,mask,metric,seed,value
gpt_wikitext103,dense,full,ce,2000,3.51696579630782
gpt_wikitext103,dense,full,ce,2001,3.512036625931903
gpt_wikitext103,dense,full,ce,2002,3.506343833799285
gpt_wikitext103,dense,full,accuracy,2000,0.38463857769966125
gpt_wikitext103,dense,full,accuracy,2001,0.38491249084472656
gpt_wikitext103,dense,full,accuracy,2002,0.3848966062068939
gpt_wikitext103,dense,primary_two_thirds,ce,2000,8.282762225081282
gpt_wikitext103,dense,primary_two_thirds,ce,2001,7.597430054734394
gpt_wikitext103,dense,primary_two_thirds,ce,2002,7.252215094682648
gpt_wikitext103,dense,primary_two_thirds,accuracy,2000,0.1284576654434204
gpt_wikitext103,dense,primary_two_thirds,accuracy,2001,0.1593742072582245
gpt_wikitext103,dense,primary_two_thirds,accuracy,2002,0.17355023324489594
gpt_wikitext103,constant_ild,full,ce,2000,3.624571257490453
gpt_wikitext103,constant_ild,full,ce,2001,3.6646617098552428
gpt_wikitext103,constant_ild,full,ce,2002,3.646390759847998
gpt_wikitext103,constant_ild,full,accuracy,2000,0.3728126585483551
gpt_wikitext103,constant_ild,full,accuracy,2001,0.3678782284259796
gpt_wikitext103,constant_ild,full,accuracy,2002,0.3696169853210449
gpt_wikitext103,constant_ild,primary_two_thirds,ce,2000,3.721467068524865
gpt_wikitext103,constant_ild,primary_two_thirds,ce,2001,3.753734309498857
gpt_wikitext103,constant_ild,primary_two_thirds,ce,2002,3.738923611679698
gpt_wikitext103,constant_ild,primary_two_thirds,accuracy,2000,0.3648373782634735
gpt_wikitext103,constant_ild,primary_two_thirds,accuracy,2001,0.36114946007728577
gpt_wikitext103,constant_ild,primary_two_thirds,accuracy,2002,0.36319786310195923
gpt_wikitext103,decreasing_ild,full,ce,2000,3.7269930645702334
gpt_wikitext103,decreasing_ild,full,ce,2001,3.7471214232406
gpt_wikitext103,decreasing_ild,full,ce,2002,3.7351110815032715
gpt_wikitext103,decreasing_ild,full,accuracy,2000,0.3618084490299225
gpt_wikitext103,decreasing_ild,full,accuracy,2001,0.35948216915130615
gpt_wikitext103,decreasing_ild,full,accuracy,2002,0.3605659306049347
gpt_wikitext103,decreasing_ild,primary_two_thirds,ce,2000,3.8473788703360214
gpt_wikitext103,decreasing_ild,primary_two_thirds,ce,2001,3.861042608090533
gpt_wikitext103,decreasing_ild,primary_two_thirds,ce,2002,3.8489770269006254
gpt_wikitext103,decreasing_ild,primary_two_thirds,accuracy,2000,0.35230880975723267
gpt_wikitext103,decreasing_ild,primary_two_thirds,accuracy,2001,0.35177287459373474
gpt_wikitext103,decreasing_ild,primary_two_thirds,accuracy,2002,0.35238024592399597
convnext_cifar100,dense,full,ce,2000,3.4851464172363285
convnext_cifar100,dense,full,ce,2001,3.3789986228942874
convnext_cifar100,dense,full,ce,2002,3.507467651367188
convnext_cifar100,dense,full,accuracy,2000,0.5109999775886536
convnext_cifar100,dense,full,accuracy,2001,0.5200999975204468
convnext_cifar100,dense,full,accuracy,2002,0.5090000033378601
convnext_cifar100,dense,primary_two_thirds,ce,2000,9.544173754882813
convnext_cifar100,dense,primary_two_thirds,ce,2001,9.493451220703125
convnext_cifar100,dense,primary_two_thirds,ce,2002,5.429606774902344
convnext_cifar100,dense,primary_two_thirds,accuracy,2000,0.07639999687671661
convnext_cifar100,dense,primary_two_thirds,accuracy,2001,0.0916999951004982
convnext_cifar100,dense,primary_two_thirds,accuracy,2002,0.25759997963905334
convnext_cifar100,constant_ild,full,ce,2000,2.744724843597412
convnext_cifar100,constant_ild,full,ce,2001,2.7268201675415042
convnext_cifar100,constant_ild,full,ce,2002,2.7619589645385743
convnext_cifar100,constant_ild,full,accuracy,2000,0.5410999655723572
convnext_cifar100,constant_ild,full,accuracy,2001,0.5539999604225159
convnext_cifar100,constant_ild,full,accuracy,2002,0.5435000061988831
convnext_cifar100,constant_ild,primary_two_thirds,ce,2000,2.7628395000457764
convnext_cifar100,constant_ild,primary_two_thirds,ce,2001,2.549344538116455
convnext_cifar100,constant_ild,primary_two_thirds,ce,2002,2.632839395141602
convnext_cifar100,constant_ild,primary_two_thirds,accuracy,2000,0.487199991941452
convnext_cifar100,constant_ild,primary_two_thirds,accuracy,2001,0.5248000025749207
convnext_cifar100,constant_ild,primary_two_thirds,accuracy,2002,0.5184000134468079
convnext_cifar100,decreasing_ild,full,ce,2000,2.952007667541504
convnext_cifar100,decreasing_ild,full,ce,2001,2.822897703552246
convnext_cifar100,decreasing_ild,full,ce,2002,2.8991917881011964
convnext_cifar100,decreasing_ild,full,accuracy,2000,0.5356999635696411
convnext_cifar100,decreasing_ild,full,accuracy,2001,0.5498999953269958
convnext_cifar100,decreasing_ild,full,accuracy,2002,0.5378999710083008
convnext_cifar100,decreasing_ild,primary_two_thirds,ce,2000,2.7859872222900393
convnext_cifar100,decreasing_ild,primary_two_thirds,ce,2001,2.6982430393218997
convnext_cifar100,decreasing_ild,primary_two_thirds,ce,2002,2.8410977172851566
convnext_cifar100,decreasing_ild,primary_two_thirds,accuracy,2000,0.5094999670982361
convnext_cifar100,decreasing_ild,primary_two_thirds,accuracy,2001,0.5116999745368958
convnext_cifar100,decreasing_ild,primary_two_thirds,accuracy,2002,0.4973999857902527
vit_cifar100,dense,full,ce,2000,3.1125305675506594
vit_cifar100,dense,full,ce,2001,3.032232258987427
vit_cifar100,dense,full,ce,2002,3.0935792068481445
vit_cifar100,dense,full,accuracy,2000,0.4668999910354614
vit_cifar100,dense,full,accuracy,2001,0.47269999980926514
vit_cifar100,dense,full,accuracy,2002,0.4715999960899353
vit_cifar100,dense,primary_two_thirds,ce,2000,2.2524557006835937
vit_cifar100,dense,primary_two_thirds,ce,2001,2.2327628738403322
vit_cifar100,dense,primary_two_thirds,ce,2002,2.2455799003601076
vit_cifar100,dense,primary_two_thirds,accuracy,2000,0.46379998326301575
vit_cifar100,dense,primary_two_thirds,accuracy,2001,0.46619999408721924
vit_cifar100,dense,primary_two_thirds,accuracy,2002,0.47039997577667236
vit_cifar100,constant_ild,full,ce,2000,2.800747856140137
vit_cifar100,constant_ild,full,ce,2001,2.646980401992798
vit_cifar100,constant_ild,full,ce,2002,2.6919692901611327
vit_cifar100,constant_ild,full,accuracy,2000,0.48659998178482056
vit_cifar100,constant_ild,full,accuracy,2001,0.5037999749183655
vit_cifar100,constant_ild,full,accuracy,2002,0.49619999527931213
vit_cifar100,constant_ild,primary_two_thirds,ce,2000,2.2211500619888307
vit_cifar100,constant_ild,primary_two_thirds,ce,2001,2.1031770935058596
vit_cifar100,constant_ild,primary_two_thirds,ce,2002,2.1410737464904788
vit_cifar100,constant_ild,primary_two_thirds,accuracy,2000,0.49939998984336853
vit_cifar100,constant_ild,primary_two_thirds,accuracy,2001,0.513700008392334
vit_cifar100,constant_ild,primary_two_thirds,accuracy,2002,0.50409996509552
vit_cifar100,decreasing_ild,full,ce,2000,2.5226513256073
vit_cifar100,decreasing_ild,full,ce,2001,2.5696536399841308
vit_cifar100,decreasing_ild,full,ce,2002,2.5917587135314943
vit_cifar100,decreasing_ild,full,accuracy,2000,0.4846999943256378
vit_cifar100,decreasing_ild,full,accuracy,2001,0.48479998111724854
vit_cifar100,decreasing_ild,full,accuracy,2002,0.48259997367858887
vit_cifar100,decreasing_ild,primary_two_thirds,ce,2000,2.1854263668060305
vit_cifar100,decreasing_ild,primary_two_thirds,ce,2001,2.217040085601807
vit_cifar100,decreasing_ild,primary_two_thirds,ce,2002,2.224086634063721
vit_cifar100,decreasing_ild,primary_two_thirds,accuracy,2000,0.48669999837875366
vit_cifar100,decreasing_ild,primary_two_thirds,accuracy,2001,0.4876999855041504
vit_cifar100,decreasing_ild,primary_two_thirds,accuracy,2002,0.4887999892234802
